Block_ID,total_students,sch_BESSIE_RHODES,sch_CHUTE,sch_DAWES,sch_DEWEY,sch_HAVEN,sch_KINGLAB,sch_KINGSLEY,sch_LINCOLN,sch_LINCOLNWOOD,sch_NICHOLS,sch_OAKTON,sch_ORRINGTON,sch_WALKER,sch_WASHINGTON,sch_WILLARD,g_K_2,g_3_5,g_6_8,twi_ENG,twi_OTHER,twi_SPAN,race_BLACK,race_HISPANIC,race_MULTI,race_OTHER,race_WHITE,frl
1,60,2,3,2,3,4,16,2,2,0,2,0,4,0,0,20,22,19,19,2,11,13,29,28,1,0,2,53
2,51,0,2,0,25,2,4,0,0,0,13,4,0,0,1,0,15,19,17,2,2,14,24,21,6,0,0,38
3,92,13,5,0,1,12,21,0,3,0,1,2,4,1,0,29,32,33,27,0,0,12,58,25,6,0,3,88
4,25,0,3,0,0,9,2,0,0,9,0,0,0,0,0,2,6,7,12,0,0,6,6,6,10,0,3,16
5,89,6,5,1,1,20,5,0,0,1,0,0,2,2,4,42,24,37,28,1,2,41,27,54,2,0,6,76
6,136,4,4,2,5,28,10,2,2,48,0,6,0,5,9,11,49,53,34,0,5,36,63,60,2,2,9,110
7,89,6,1,0,0,20,10,0,0,37,0,0,7,1,0,7,29,32,28,1,5,7,46,29,11,1,2,74
8,91,17,1,3,0,24,2,1,0,2,2,7,8,0,2,22,28,28,35,2,2,25,42,40,7,2,0,82
9,0,0,0,0,0,0,0,0,0,0,0,0,0,0,0,0,0,0,0,0,0,0,0,0,0,0,0,0
10,0,0,0,0,0,0,0,0,0,0,0,0,0,0,0,0,0,0,0,0,0,0,0,0,0,0,0,0
11,0,0,0,0,0,0,0,0,0,0,0,0,0,0,0,0,0,0,0,0,0,0,0,0,0,0,0,0
12,0,0,0,0,0,0,0,0,0,0,0,0,0,0,0,0,0,0,0,0,0,0,0,0,0,0,0,0
13,0,0,0,0,0,0,0,0,0,0,0,0,0,0,0,0,0,0,0,0,0,0,0,0,0,0,0,0
14,0,0,0,0,0,0,0,0,0,0,0,0,0,0,0,0,0,0,0,0,0,0,0,0,0,0,0,0
15,0,0,0,0,0,0,0,0,0,0,0,0,0,0,0,0,0,0,0,0,0,0,0,0,0,0,0,0
16,0,0,0,0,0,0,0,0,0,0,0,0,0,0,0,0,0,0,0,0,0,0,0,0,0,0,0,0
17,0,0,0,0,0,0,0,0,0,0,0,0,0,0,0,0,0,0,0,0,0,0,0,0,0,0,0,0
18,0,0,0,0,0,0,0,0,0,0,0,0,0,0,0,0,0,0,0,0,0,0,0,0,0,0,0,0
19,0,0,0,0,0,0,0,0,0,0,0,0,0,0,0,0,0,0,0,0,0,0,0,0,0,0,0,0
20,0,0,0,0,0,0,0,0,0,0,0,0,0,0,0,0,0,0,0,0,0,0,0,0,0,0,0,0
21,0,0,0,0,0,0,0,0,0,0,0,0,0,0,0,0,0,0,0,0,0,0,0,0,0,0,0,0
22,0,0,0,0,0,0,0,0,0,0,0,0,0,0,0,0,0,0,0,0,0,0,0,0,0,0,0,0
23,0,0,0,0,0,0,0,0,0,0,0,0,0,0,0,0,0,0,0,0,0,0,0,0,0,0,0,0
24,0,0,0,0,0,0,0,0,0,0,0,0,0,0,0,0,0,0,0,0,0,0,0,0,0,0,0,0
25,0,0,0,0,0,0,0,0,0,0,0,0,0,0,0,0,0,0,0,0,0,0,0,0,0,0,0,0
26,27,0,0,0,0,8,0,0,0,0,0,0,0,0,0,19,6,13,8,0,0,0,4,9,0,0,14,0
27,6,0,0,0,0,4,0,0,0,0,0,0,0,0,0,2,1,2,4,0,0,0,0,0,1,1,4,0
28,14,0,0,0,0,2,0,0,0,0,0,0,0,0,0,12,9,3,2,0,0,0,0,0,0,0,14,4
29,14,0,0,0,0,9,0,0,0,0,0,0,0,0,0,5,1,4,9,0,0,0,0,0,1,0,13,0
30,62,0,0,0,0,28,0,4,0,0,0,0,0,0,0,30,13,21,28,4,0,0,3,2,3,0,54,0
31,7,0,0,0,0,2,0,0,0,0,0,0,0,0,0,5,2,2,2,2,0,0,0,0,0,0,8,0
32,12,0,0,0,0,2,2,5,0,0,0,0,0,0,0,3,4,4,2,0,0,0,0,2,1,0,8,0
33,0,0,0,0,0,0,0,0,0,0,0,0,0,0,0,0,0,0,0,0,0,0,0,0,0,0,0,0
34,8,0,1,7,0,0,0,0,0,0,0,0,0,0,0,0,2,4,2,1,0,0,0,2,4,0,2,2
35,14,3,2,2,0,0,0,0,0,0,2,3,0,0,2,0,6,4,4,0,0,6,6,8,0,0,0,11
36,32,4,1,2,0,0,0,0,0,0,2,0,0,0,23,0,19,9,4,4,0,4,7,8,0,0,17,9
37,70,3,3,0,2,0,11,0,5,0,13,0,0,0,33,0,18,31,21,2,6,11,35,15,3,7,10,47
38,23,0,8,9,0,0,0,0,0,0,2,0,0,0,4,0,6,7,10,0,0,13,2,17,0,0,4,18
39,6,0,1,4,0,0,0,0,0,0,0,0,0,0,1,0,2,4,1,0,0,0,6,0,0,0,0,5
40,8,0,1,7,0,0,0,0,0,0,0,0,0,0,0,0,2,4,2,1,0,0,0,2,4,0,2,2
41,6,0,1,4,0,0,0,0,0,0,0,0,0,0,1,0,2,4,1,0,0,0,6,0,0,0,0,5
42,12,0,8,4,0,0,0,0,0,0,0,0,0,0,0,0,4,0,8,0,0,2,0,6,0,0,6,4
43,16,0,2,14,0,0,0,0,0,0,0,0,0,0,0,0,7,7,2,0,2,6,2,8,2,0,4,12
44,22,0,4,16,0,0,2,0,0,0,0,0,0,0,0,0,12,6,4,3,0,0,4,0,3,0,15,8
45,24,1,5,1,0,0,4,0,0,0,0,0,0,4,9,0,12,5,7,0,1,8,8,9,0,0,7,12
46,19,0,3,11,0,1,0,0,0,0,0,0,1,0,0,3,4,11,4,3,0,0,6,0,7,0,6,4
47,15,0,0,13,0,0,2,0,0,0,0,0,0,0,0,0,8,6,1,7,2,3,1,7,1,0,6,5
48,25,2,2,0,0,0,0,0,0,0,7,0,0,0,14,0,10,7,10,3,0,4,6,7,2,0,11,11
49,13,1,0,0,1,0,0,0,0,0,3,0,0,0,8,0,7,2,4,4,0,2,4,2,0,0,7,0
50,62,0,0,0,0,0,0,1,0,0,29,2,0,0,30,0,16,17,29,1,0,40,6,49,5,0,2,57
51,31,0,2,0,0,0,3,0,0,0,11,0,0,0,15,0,13,5,13,5,3,8,4,16,4,0,7,19
52,35,0,0,0,0,0,1,0,1,0,7,0,0,0,26,0,15,12,8,6,0,3,0,16,3,0,16,14
53,25,2,2,0,0,0,0,0,0,0,7,0,0,0,14,0,10,7,10,3,0,4,6,7,2,0,11,11
54,58,8,0,0,0,2,0,0,0,0,18,0,0,0,30,0,17,20,21,4,0,14,19,13,4,0,22,34
55,28,0,0,0,3,0,2,1,0,0,9,0,0,4,9,0,9,9,10,1,2,0,13,7,0,0,8,13
56,41,0,0,0,0,0,0,2,0,0,11,1,0,0,27,0,12,18,11,6,2,10,12,19,0,0,10,27
57,46,0,2,3,0,0,2,0,0,0,9,4,0,0,26,0,21,14,11,11,0,13,11,23,6,0,6,28
58,26,0,0,0,0,0,4,0,0,0,4,1,0,0,17,0,11,10,5,4,0,5,2,9,0,0,15,11
59,41,1,1,0,22,1,6,0,0,0,9,0,1,0,0,0,13,11,17,4,1,3,12,11,1,1,16,17
60,0,0,0,0,0,0,0,0,0,0,0,0,0,0,0,0,0,0,0,0,0,0,0,0,0,0,0,0
61,32,0,0,0,0,0,2,0,0,0,14,0,0,0,15,1,9,8,15,1,0,10,5,13,2,0,12,15
62,66,0,0,0,40,1,0,0,4,1,16,0,0,0,4,0,24,25,17,8,4,8,17,8,4,0,37,17
63,0,0,0,0,0,0,0,0,0,0,0,0,0,0,0,0,0,0,0,0,0,0,0,0,0,0,0,0
64,47,2,10,2,0,2,7,0,0,1,2,2,4,13,2,0,18,15,14,0,3,9,21,19,7,0,0,30
65,13,3,0,0,0,2,6,0,0,2,0,0,0,0,0,0,4,5,4,0,0,0,6,1,4,2,0,6
66,71,0,0,0,0,14,4,0,0,53,0,0,0,0,0,0,25,30,16,0,0,0,21,0,0,2,48,16
67,37,0,0,0,0,12,0,0,0,25,0,0,0,0,0,0,13,12,12,0,0,0,1,0,1,9,26,5
68,43,0,0,0,0,18,1,0,0,23,0,0,1,0,0,0,14,10,19,0,0,0,0,0,2,4,37,0
69,20,0,0,0,0,4,0,0,0,16,0,0,0,0,0,0,9,7,4,0,0,0,0,3,0,0,17,0
70,27,0,0,0,0,9,9,0,0,9,0,0,0,0,0,0,6,8,13,0,0,0,0,2,0,6,19,0
71,33,3,0,0,0,12,0,17,0,1,0,0,0,0,0,0,5,15,13,0,0,0,0,0,8,0,25,0
72,3,0,0,0,1,0,0,0,0,0,1,0,0,1,0,0,2,1,1,0,0,0,1,1,0,0,2,1
73,0,0,0,0,0,0,0,0,0,0,0,0,0,0,0,0,0,0,0,0,0,0,0,0,0,0,0,0
74,16,0,0,0,0,4,2,10,0,0,0,0,0,0,0,0,4,6,4,0,0,0,0,0,1,0,14,0
75,15,0,0,0,0,7,0,8,0,0,0,0,0,0,0,0,3,5,7,0,2,0,0,0,1,3,11,0
76,9,0,0,0,0,3,0,6,0,0,0,0,0,0,0,0,4,2,3,0,0,0,2,1,0,1,4,3
77,33,0,4,0,4,10,0,7,0,2,0,0,0,0,0,6,8,11,14,2,0,14,15,18,0,0,0,29
78,0,0,0,0,0,0,0,0,0,0,0,0,0,0,0,0,0,0,0,0,0,0,0,0,0,0,0,0
79,0,0,0,0,0,0,0,0,0,0,0,0,0,0,0,0,0,0,0,0,0,0,0,0,0,0,0,0
80,11,0,0,0,0,5,0,6,0,0,0,0,0,0,0,0,4,2,5,0,0,0,0,0,2,0,9,0
81,0,0,0,0,0,0,0,0,0,0,0,0,0,0,0,0,0,0,0,0,0,0,0,0,0,0,0,0
82,0,0,0,0,0,0,0,0,0,0,0,0,0,0,0,0,0,0,0,0,0,0,0,0,0,0,0,0
83,0,0,0,0,0,0,0,0,0,0,0,0,0,0,0,0,0,0,0,0,0,0,0,0,0,0,0,0
84,15,0,9,0,0,0,0,0,0,0,0,0,0,6,0,0,4,2,9,0,2,0,2,3,4,4,2,0
85,43,6,8,0,0,0,10,0,0,0,0,4,0,15,0,0,11,19,13,0,8,0,18,9,3,0,13,33
86,56,12,8,0,0,3,7,0,0,0,2,0,0,20,4,0,19,20,17,0,9,8,17,13,5,1,20,39
87,69,9,12,0,2,1,17,0,0,0,0,0,0,21,3,4,24,27,18,0,6,10,12,23,11,9,14,34
88,13,2,3,1,0,0,0,0,0,0,0,0,0,7,0,0,7,3,3,1,0,0,2,8,2,1,0,1
89,17,11,0,0,0,0,4,0,0,0,0,0,0,2,0,0,2,10,5,0,0,0,0,2,6,5,4,9
90,17,3,7,0,0,0,0,0,0,0,0,0,0,7,0,0,5,4,8,0,4,0,7,1,0,5,4,9
91,34,0,12,4,0,0,2,0,0,0,0,0,0,16,0,0,10,11,13,0,8,0,20,8,0,0,6,28
92,3,0,0,0,1,0,0,0,0,0,1,0,0,1,0,0,2,1,1,0,0,0,1,1,0,0,2,1
93,18,9,3,0,0,0,0,0,0,0,0,0,0,6,0,0,6,6,6,1,0,0,0,4,0,6,8,1
94,22,0,5,0,0,0,4,0,0,0,0,0,0,13,0,0,5,10,7,0,2,0,0,12,2,0,8,7
95,8,1,0,0,0,0,0,0,0,0,0,0,0,7,0,0,6,2,0,0,0,0,1,2,2,1,2,4
96,0,0,0,0,0,0,0,0,0,0,0,0,0,0,0,0,0,0,0,0,0,0,0,0,0,0,0,0
97,5,1,0,0,0,0,2,0,0,0,0,0,0,2,0,0,2,0,2,0,0,0,4,0,1,0,0,4
98,21,0,1,0,0,0,5,0,1,0,0,0,0,14,0,0,8,11,2,0,4,0,10,7,0,0,4,20
99,0,0,0,0,0,0,0,0,0,0,0,0,0,0,0,0,0,0,0,0,0,0,0,0,0,0,0,0
100,3,0,0,0,1,0,0,0,0,0,1,0,0,1,0,0,2,1,1,0,0,0,1,1,0,0,2,1
101,3,0,0,0,1,0,0,0,0,0,1,0,0,1,0,0,2,1,1,0,0,0,1,1,0,0,2,1
102,3,0,0,0,1,0,0,0,0,0,1,0,0,1,0,0,2,1,1,0,0,0,1,1,0,0,2,1
103,3,0,0,0,1,0,0,0,0,0,1,0,0,1,0,0,2,1,1,0,0,0,1,1,0,0,2,1
104,4,2,1,0,0,0,0,0,0,0,0,0,0,1,0,0,2,1,2,0,0,0,1,1,0,1,3,2
105,4,2,1,0,0,0,0,0,0,0,0,0,0,1,0,0,2,1,2,0,0,0,1,1,0,1,3,2
106,4,2,1,0,0,0,0,0,0,0,0,0,0,1,0,0,2,1,2,0,0,0,1,1,0,1,3,2
107,4,2,1,0,0,0,0,0,0,0,0,0,0,1,0,0,2,1,2,0,0,0,1,1,0,1,3,2
108,0,0,0,0,0,0,0,0,0,0,0,0,0,0,0,0,0,0,0,0,0,0,0,0,0,0,0,0
109,31,2,8,0,0,0,4,0,0,0,0,0,0,17,0,0,10,7,14,0,1,0,0,0,2,4,25,2
110,19,4,7,0,1,0,0,0,0,0,0,0,0,7,0,0,4,8,7,0,0,0,4,5,7,0,3,1
111,6,6,0,0,0,0,0,0,0,0,0,0,0,0,0,0,2,1,4,0,0,0,3,0,1,1,2,2
112,3,0,0,0,1,0,0,0,0,0,1,0,0,1,0,0,2,1,1,0,0,0,1,1,0,0,2,1
113,3,0,0,0,1,0,0,0,0,0,1,0,0,1,0,0,2,1,1,0,0,0,1,1,0,0,2,1
114,3,0,0,0,1,0,0,0,0,0,1,0,0,1,0,0,2,1,1,0,0,0,1,1,0,0,2,1
115,6,6,0,0,0,0,0,0,0,0,0,0,0,0,0,0,2,1,4,0,0,0,3,0,1,1,2,2
116,17,6,0,0,0,1,4,0,0,0,0,0,0,6,0,0,8,6,4,0,1,0,7,1,4,1,6,4
117,0,0,0,0,0,0,0,0,0,0,0,0,0,0,0,0,0,0,0,0,0,0,0,0,0,0,0,0
118,3,0,0,0,1,0,0,0,0,0,1,0,0,1,0,0,2,1,1,0,0,0,1,1,0,0,2,1
119,10,0,3,0,0,0,2,0,0,0,0,0,0,5,0,0,4,2,4,0,1,0,4,2,2,0,2,6
120,17,6,0,0,0,1,4,0,0,0,0,0,0,6,0,0,8,6,4,0,1,0,7,1,4,1,6,4
121,0,0,0,0,0,0,0,0,0,0,0,0,0,0,0,0,0,0,0,0,0,0,0,0,0,0,0,0
122,10,0,2,5,0,0,3,0,0,0,0,0,0,0,0,0,1,5,5,2,0,0,1,1,1,0,8,1
123,14,0,3,7,0,0,4,0,0,0,0,0,0,0,0,0,5,5,4,2,1,0,0,6,2,0,6,0
124,109,3,29,46,0,1,9,0,0,0,1,11,0,7,2,0,36,38,35,4,18,48,33,56,3,6,11,103
125,51,0,13,33,0,0,5,0,0,0,0,0,0,0,0,0,21,15,15,1,0,11,16,13,4,6,12,30
126,29,0,16,7,0,0,0,0,1,0,2,0,0,0,3,0,6,5,18,5,1,7,2,9,0,0,18,7
127,103,4,35,40,0,0,8,0,0,0,2,2,0,0,12,0,23,40,40,5,7,23,44,35,2,0,22,70
128,24,0,6,11,0,0,2,0,3,0,0,0,0,2,0,0,3,14,7,0,6,2,17,2,2,0,3,17
129,22,0,5,17,0,0,0,0,0,0,0,0,0,0,0,0,13,4,5,3,0,0,2,0,0,0,20,3
130,17,0,7,10,0,0,0,0,0,0,0,0,0,0,0,0,6,6,7,1,0,7,1,10,0,3,4,5
131,19,0,5,4,0,0,6,0,0,0,0,4,0,0,0,0,5,7,7,0,0,2,2,2,0,0,15,2
132,17,0,4,8,0,1,3,0,0,0,0,0,1,0,0,0,3,7,7,1,2,0,0,4,2,0,11,0
133,11,4,2,0,0,0,4,0,0,0,0,0,0,1,0,0,6,1,4,0,2,0,7,2,0,0,2,0
134,17,4,3,0,0,0,4,0,0,0,2,0,0,3,1,0,2,6,9,1,0,0,1,3,2,0,11,4
135,17,0,2,0,0,0,0,0,0,0,5,0,0,8,2,0,1,9,7,2,1,0,6,1,2,6,2,5
136,26,0,2,0,3,7,2,0,0,6,1,0,0,1,4,0,6,8,12,2,0,10,8,17,0,0,1,19
137,6,0,2,0,0,1,0,0,0,2,0,0,0,1,0,0,3,0,3,0,0,0,0,0,0,0,6,3
138,16,2,4,0,0,0,0,0,0,0,0,0,0,10,0,0,10,1,5,0,1,0,2,1,0,6,7,2
139,13,0,0,0,0,1,5,0,0,7,0,0,0,0,0,0,6,5,2,0,0,0,0,0,2,6,5,0
140,6,0,1,0,1,1,2,0,0,0,0,0,0,1,0,0,2,1,2,0,0,0,0,2,0,0,4,0
141,6,0,1,0,1,1,2,0,0,0,0,0,0,1,0,0,2,1,2,0,0,0,0,2,0,0,4,0
142,16,0,7,0,0,0,0,0,0,0,0,0,0,9,0,0,2,7,7,0,0,0,0,4,4,2,6,2
143,6,0,2,0,0,1,0,0,0,2,0,0,0,1,0,0,3,0,3,0,0,0,0,0,0,0,6,3
144,6,0,1,0,1,1,2,0,0,0,0,0,0,1,0,0,2,1,2,0,0,0,0,2,0,0,4,0
145,15,4,1,0,0,0,0,0,0,0,0,0,1,9,0,0,5,7,3,0,0,0,2,0,4,6,3,2
146,18,2,1,0,0,0,1,0,0,0,0,0,0,14,0,0,13,4,2,0,0,2,0,3,0,0,15,2
147,3,0,0,0,1,0,0,0,0,0,1,0,0,1,0,0,2,1,1,0,0,0,1,1,0,0,2,1
148,37,2,7,0,0,1,6,0,0,3,0,0,0,18,0,0,16,12,10,0,0,0,3,4,2,1,27,0
149,42,8,5,0,5,0,5,0,0,0,0,1,0,18,0,0,18,17,7,2,4,1,11,11,8,4,8,32
150,78,13,15,8,2,3,0,0,0,0,0,0,0,29,8,0,20,33,25,0,5,22,28,30,2,7,11,55
151,30,1,2,3,0,7,4,0,2,7,1,0,0,0,3,0,11,8,11,0,0,0,12,2,8,0,8,11
152,7,0,0,0,0,2,0,0,0,0,0,0,0,0,0,5,2,2,2,2,0,0,0,0,0,0,8,0
153,14,0,0,2,0,3,0,0,0,0,0,0,0,0,0,9,8,3,3,4,0,0,2,1,2,0,9,0
154,3,0,0,0,1,0,0,0,0,0,1,0,0,1,0,0,2,1,1,0,0,0,1,1,0,0,2,1
155,12,0,0,0,0,2,2,1,0,0,0,0,0,0,0,7,4,6,2,2,0,0,0,3,2,0,7,2
156,18,0,0,0,0,8,0,0,0,0,0,0,0,0,0,10,2,8,8,0,0,0,0,4,4,5,5,5
157,8,0,0,0,0,6,0,0,0,1,0,0,0,0,0,1,1,1,6,0,0,0,0,1,1,1,6,0
158,12,0,2,0,0,5,0,0,0,0,0,0,0,0,0,5,3,2,7,0,0,0,0,0,2,4,6,2
159,22,0,0,0,0,3,0,6,0,13,0,0,0,0,0,0,11,8,3,0,0,0,6,8,2,0,6,2
160,23,0,0,0,0,5,0,0,0,18,0,0,0,0,0,0,6,12,5,0,4,0,4,4,0,0,15,8
161,6,0,0,0,0,4,0,0,0,0,0,0,0,0,0,2,1,2,4,0,0,0,0,0,1,1,4,0
162,3,0,0,0,1,0,0,0,0,0,1,0,0,1,0,0,2,1,1,0,0,0,1,1,0,0,2,1
163,19,0,0,0,0,7,0,0,0,0,0,0,0,0,0,12,5,7,7,3,0,1,0,3,0,0,16,2
164,11,0,0,0,0,5,0,0,0,0,0,0,0,0,0,6,2,4,5,0,0,1,1,2,1,0,8,0
165,28,0,0,0,0,6,0,0,0,0,0,0,0,0,0,22,11,11,6,0,0,0,0,3,5,0,20,2
166,3,0,0,0,1,0,0,0,0,0,1,0,0,1,0,0,2,1,1,0,0,0,1,1,0,0,2,1
167,18,0,0,0,0,10,0,8,0,0,0,0,0,0,0,0,4,4,10,0,0,0,0,3,0,0,15,0
168,12,0,0,0,0,2,2,5,0,0,0,0,0,0,0,3,4,4,2,0,0,0,0,2,1,0,8,0
169,11,0,0,0,0,1,6,0,0,0,0,0,0,4,0,0,7,1,3,0,0,0,2,1,2,0,6,0
170,19,0,0,0,0,6,0,0,0,13,0,0,0,0,0,0,7,6,6,0,0,0,0,3,0,0,16,0
171,11,0,1,0,0,4,0,0,0,6,0,0,0,0,0,0,2,3,4,0,0,0,0,0,4,0,6,0
172,21,0,0,0,0,8,0,0,0,13,0,0,0,0,0,0,8,5,8,0,0,0,1,0,0,0,20,0
173,26,0,0,0,0,9,0,0,0,17,0,0,0,0,0,0,8,9,9,0,0,0,0,0,3,1,22,0
174,41,0,0,0,0,13,0,0,0,26,0,0,2,0,0,0,17,11,13,0,0,0,0,4,4,0,33,0
175,16,0,0,0,0,6,0,0,0,10,0,0,0,0,0,0,5,5,6,0,0,0,0,0,2,0,14,2
176,11,0,1,0,0,4,0,0,0,6,0,0,0,0,0,0,2,3,4,0,0,0,0,0,4,0,6,0
177,13,0,0,0,0,5,0,2,0,6,0,0,0,0,0,0,4,4,5,0,0,0,0,0,0,0,12,0
178,13,0,0,0,0,5,0,0,0,8,0,0,0,0,0,0,5,3,5,0,0,0,2,0,0,0,11,2
179,25,0,0,0,0,7,0,0,0,18,0,0,0,0,0,0,9,9,7,0,0,0,0,0,8,4,13,0
180,13,0,0,0,0,5,0,2,0,6,0,0,0,0,0,0,4,4,5,0,0,0,0,0,0,0,12,0
181,8,0,0,0,0,6,0,0,0,1,0,0,0,0,0,1,1,1,6,0,0,0,0,1,1,1,6,0
182,22,0,0,0,0,5,0,0,0,16,0,0,0,0,0,1,7,10,5,0,0,0,0,0,0,0,22,0
183,26,0,0,0,0,9,0,0,0,2,0,0,0,0,0,15,8,9,9,1,0,0,0,0,0,4,22,0
184,21,0,0,0,0,5,0,0,0,16,0,0,0,0,0,0,11,5,5,0,0,0,0,0,0,0,21,0
185,16,0,0,0,0,3,0,0,0,13,0,0,0,0,0,0,8,5,3,0,0,0,0,0,0,0,16,0
186,10,0,0,0,0,5,0,0,0,5,0,0,0,0,0,0,2,3,5,0,0,0,0,0,0,0,10,0
187,17,0,0,0,0,7,0,0,0,10,0,0,0,0,0,0,4,6,7,0,0,0,0,0,3,1,13,0
188,0,0,0,0,0,0,0,0,0,0,0,0,0,0,0,0,0,0,0,0,0,0,0,0,0,0,0,0
189,26,0,0,0,0,13,0,0,0,9,0,0,0,0,0,4,7,6,13,0,0,0,0,0,0,0,26,0
190,17,0,0,0,0,7,0,0,0,10,0,0,0,0,0,0,4,6,7,0,0,0,0,0,3,1,13,0
191,12,0,0,0,0,4,0,0,0,6,0,0,2,0,0,0,8,0,4,0,0,0,0,0,0,0,12,0
192,3,0,0,0,1,0,0,0,0,0,1,0,0,1,0,0,2,1,1,0,0,0,1,1,0,0,2,1
193,11,0,2,0,0,0,6,0,0,0,0,0,0,1,1,1,4,5,3,0,0,0,0,0,2,2,6,2
194,7,4,0,0,0,0,0,0,0,0,1,0,0,2,0,0,3,0,3,0,0,1,0,2,2,0,2,2
195,7,4,0,0,0,0,0,0,0,0,1,0,0,2,0,0,3,0,3,0,0,1,0,2,2,0,2,2
196,21,3,2,0,0,3,0,4,0,0,0,0,0,9,0,0,8,7,6,0,1,0,4,8,0,5,4,12
197,3,0,0,0,1,0,0,0,0,0,1,0,0,1,0,0,2,1,1,0,0,0,1,1,0,0,2,1
198,3,0,0,0,1,0,0,0,0,0,1,0,0,1,0,0,2,1,1,0,0,0,1,1,0,0,2,1
199,13,0,4,0,0,0,3,0,0,0,0,0,0,6,0,0,2,4,7,0,0,0,3,2,6,2,0,3
200,11,0,2,0,0,0,6,0,0,0,0,0,0,1,1,1,4,5,3,0,0,0,0,0,2,2,6,2
201,12,1,3,2,0,0,0,0,0,0,0,0,0,4,2,0,3,5,4,2,2,4,3,8,0,1,0,8
202,18,0,3,0,0,0,2,0,0,0,0,0,0,10,3,0,5,10,3,3,6,1,0,4,0,6,8,8
203,13,3,2,0,0,0,3,0,0,0,0,1,0,4,0,0,5,4,3,0,0,1,1,6,4,0,1,2
204,13,3,2,0,0,0,3,0,0,0,0,1,0,4,0,0,5,4,3,0,0,1,1,6,4,0,1,2
205,6,1,1,0,0,0,0,0,0,0,0,0,0,4,0,0,2,3,2,0,2,0,1,0,0,2,3,2
206,6,1,1,0,0,0,0,0,0,0,0,0,0,4,0,0,2,3,2,0,2,0,1,0,0,2,3,2
207,7,0,2,1,0,0,0,0,0,0,0,0,0,2,2,0,2,2,4,0,0,1,4,1,0,2,2,1
208,7,0,2,1,0,0,0,0,0,0,0,0,0,2,2,0,2,2,4,0,0,1,4,1,0,2,2,1
209,3,0,0,0,1,0,0,0,0,0,1,0,0,1,0,0,2,1,1,0,0,0,1,1,0,0,2,1
210,3,0,0,0,1,0,0,0,0,0,1,0,0,1,0,0,2,1,1,0,0,0,1,1,0,0,2,1
211,110,3,3,0,0,29,5,50,0,0,3,5,2,5,3,2,29,45,36,0,11,7,65,23,13,0,9,99
212,0,0,0,0,0,0,0,0,0,0,0,0,0,0,0,0,0,0,0,0,0,0,0,0,0,0,0,0
213,39,5,2,0,0,3,7,0,1,14,2,0,0,0,5,0,11,14,14,0,1,11,22,14,3,0,0,33
214,47,1,1,4,5,15,4,14,1,0,2,0,0,0,0,0,14,15,18,1,4,7,26,15,6,0,0,40
215,59,2,0,1,2,10,0,29,0,0,1,0,0,2,4,8,25,23,11,0,2,16,16,33,10,0,0,53
216,75,0,2,2,1,25,0,18,0,4,0,7,1,0,0,15,17,31,27,0,0,31,33,40,0,0,2,65
217,49,4,0,2,2,15,10,1,0,5,0,1,0,1,2,6,10,18,21,3,1,13,30,17,2,0,0,41
218,41,4,0,3,0,9,4,10,0,2,0,4,0,0,0,5,16,13,12,0,0,12,17,18,0,0,6,32
219,26,0,0,1,0,6,6,11,0,0,0,0,0,0,0,2,9,9,8,0,0,5,16,7,1,0,2,20
220,37,2,7,0,0,1,6,0,0,3,0,0,0,18,0,0,16,12,10,0,0,0,3,4,2,1,27,0
221,20,0,0,0,0,6,0,0,0,14,0,0,0,0,0,0,2,12,6,0,0,0,0,0,0,0,20,0
222,22,0,0,0,0,7,0,0,0,15,0,0,0,0,0,0,7,8,7,0,0,0,0,0,0,0,22,0
223,35,0,0,0,0,5,0,2,0,17,0,2,0,0,3,6,15,15,5,0,0,8,3,14,0,0,18,10
224,12,0,2,0,0,3,3,0,0,4,0,0,0,0,0,0,2,4,7,0,0,0,1,1,2,3,5,0
225,22,0,1,0,0,0,2,0,0,0,10,1,0,0,8,0,1,8,13,2,0,0,0,0,4,0,18,0
226,18,0,0,0,0,0,0,0,0,0,13,0,0,0,5,0,4,1,13,0,0,1,9,4,0,0,5,2
227,14,0,0,0,0,0,2,0,0,0,3,0,0,0,9,0,8,3,3,0,0,0,0,4,0,0,10,2
228,20,0,0,0,0,0,9,0,0,0,2,0,0,0,9,0,6,7,7,4,0,0,2,0,2,0,16,2
229,17,0,0,0,1,0,0,0,0,0,10,0,0,0,6,0,3,4,10,0,0,0,1,3,0,0,13,6
230,35,0,0,0,0,0,3,0,1,0,9,0,0,0,22,0,15,11,9,3,0,0,0,2,3,2,28,8
231,37,0,0,0,0,0,0,0,0,0,8,0,0,0,29,0,20,9,8,13,0,3,0,5,7,0,25,0
232,19,0,2,1,7,0,0,0,0,0,9,0,0,0,0,0,4,4,11,0,0,0,0,0,2,0,17,0
233,32,0,0,0,0,0,0,0,2,0,11,0,0,0,19,0,9,12,11,4,0,3,0,3,4,0,25,6
234,10,0,0,0,0,0,0,0,0,0,2,0,0,0,8,0,7,1,2,2,0,0,0,0,3,0,7,0
235,19,0,0,0,0,0,3,0,0,0,6,0,0,0,10,0,6,6,7,2,0,1,3,3,2,0,10,2
236,12,0,0,0,0,0,0,0,0,0,2,0,0,0,10,0,9,1,2,6,0,0,0,0,0,0,12,0
237,25,0,0,0,7,0,0,0,4,0,14,0,0,0,0,0,5,6,14,0,0,0,0,0,6,0,19,0
238,22,0,0,0,0,0,0,0,0,0,5,0,0,0,17,0,8,9,5,6,0,6,2,8,3,0,9,5
239,29,0,1,0,0,0,4,0,0,0,3,0,0,6,15,0,11,14,4,0,6,0,9,2,6,0,12,16
240,47,0,6,3,4,0,6,0,0,0,12,8,0,1,7,0,11,16,20,5,0,6,29,9,5,0,4,32
241,31,2,15,14,0,0,0,0,0,0,0,0,0,0,0,0,3,11,17,2,6,5,10,15,2,0,4,23
242,12,1,3,2,0,0,2,0,0,0,1,3,0,0,0,0,3,2,7,0,0,0,2,2,2,2,5,4
243,21,6,1,0,0,0,9,0,0,0,0,5,0,0,0,0,7,11,3,0,0,1,2,2,1,4,12,12
244,12,0,1,0,0,0,6,0,0,0,0,1,0,0,4,0,4,7,1,0,0,0,10,0,2,0,0,9
245,20,0,6,6,4,0,2,0,1,0,1,0,0,0,0,0,8,5,7,3,0,1,5,1,1,0,13,10
246,12,0,3,9,0,0,0,0,0,0,0,0,0,0,0,0,5,4,3,5,2,0,5,0,4,0,3,5
247,6,0,1,3,0,0,0,0,0,0,0,0,0,0,2,0,2,3,1,2,0,0,1,1,2,0,2,0
248,6,0,1,3,0,0,0,0,0,0,0,0,0,0,2,0,2,3,1,2,0,0,1,1,2,0,2,0
249,13,0,7,1,0,0,0,0,0,0,0,5,0,0,0,0,4,2,7,1,0,0,0,3,4,0,6,0
250,13,0,3,9,0,0,1,0,0,0,0,0,0,0,0,0,8,2,3,0,0,7,4,7,0,0,2,7
251,42,0,9,10,2,0,2,0,0,0,0,2,0,0,17,0,19,13,10,2,1,9,14,13,0,6,9,37
252,10,0,2,0,0,0,4,0,0,0,0,4,0,0,0,0,2,4,4,0,0,0,1,0,0,0,9,1
253,30,0,7,22,0,1,0,0,0,0,0,0,0,0,0,0,14,8,8,2,0,7,7,10,1,0,12,16
254,10,0,1,5,0,0,4,0,0,0,0,0,0,0,0,0,5,3,2,2,0,0,4,0,0,0,6,2
255,19,4,6,7,0,0,0,0,0,0,0,0,0,0,2,0,5,6,8,4,0,6,0,8,2,0,9,2
256,78,0,3,0,43,2,3,0,0,0,18,2,0,0,7,0,25,27,26,4,0,32,16,48,6,0,8,46
257,27,0,0,0,9,0,7,0,0,0,10,1,0,0,0,0,7,6,14,0,0,0,6,3,4,2,12,12
258,39,0,0,0,29,0,4,0,0,0,6,0,0,0,0,0,15,16,8,2,0,6,11,15,0,4,9,15
259,36,0,2,0,24,0,2,0,0,0,6,2,0,0,0,0,18,10,8,3,0,0,11,3,4,2,16,8
260,19,2,0,0,11,0,0,0,0,0,6,0,0,0,0,0,7,6,6,0,0,0,0,0,0,0,19,0
261,25,1,0,0,14,0,0,0,0,0,10,0,0,0,0,0,7,7,11,0,0,0,1,0,1,0,23,3
262,23,0,0,0,13,0,0,0,1,0,7,2,0,0,0,0,7,9,7,2,1,6,6,8,0,0,9,14
263,11,0,0,0,7,0,0,0,0,0,4,0,0,0,0,0,2,4,4,0,0,0,1,2,0,0,8,2
264,11,0,0,0,7,0,0,0,0,0,4,0,0,0,0,0,2,4,4,0,0,0,1,2,0,0,8,2
265,30,1,4,0,2,4,4,0,1,6,2,0,0,2,4,0,8,8,12,2,4,3,12,11,1,0,4,21
266,0,0,0,0,0,0,0,0,0,0,0,0,0,0,0,0,0,0,0,0,0,0,0,0,0,0,0,0
267,0,0,0,0,0,0,0,0,0,0,0,0,0,0,0,0,0,0,0,0,0,0,0,0,0,0,0,0
268,0,0,0,0,0,0,0,0,0,0,0,0,0,0,0,0,0,0,0,0,0,0,0,0,0,0,0,0
269,12,0,0,0,0,5,0,0,0,0,0,0,0,0,0,7,2,5,5,0,0,0,0,3,0,0,9,0
270,0,0,0,0,0,0,0,0,0,0,0,0,0,0,0,0,0,0,0,0,0,0,0,0,0,0,0,0
271,0,0,0,0,0,0,0,0,0,0,0,0,0,0,0,0,0,0,0,0,0,0,0,0,0,0,0,0
272,0,0,0,0,0,0,0,0,0,0,0,0,0,0,0,0,0,0,0,0,0,0,0,0,0,0,0,0
273,0,0,0,0,0,0,0,0,0,0,0,0,0,0,0,0,0,0,0,0,0,0,0,0,0,0,0,0
274,0,0,0,0,0,0,0,0,0,0,0,0,0,0,0,0,0,0,0,0,0,0,0,0,0,0,0,0
275,0,0,0,0,0,0,0,0,0,0,0,0,0,0,0,0,0,0,0,0,0,0,0,0,0,0,0,0
276,0,0,0,0,0,0,0,0,0,0,0,0,0,0,0,0,0,0,0,0,0,0,0,0,0,0,0,0
277,0,0,0,0,0,0,0,0,0,0,0,0,0,0,0,0,0,0,0,0,0,0,0,0,0,0,0,0
278,0,0,0,0,0,0,0,0,0,0,0,0,0,0,0,0,0,0,0,0,0,0,0,0,0,0,0,0
279,0,0,0,0,0,0,0,0,0,0,0,0,0,0,0,0,0,0,0,0,0,0,0,0,0,0,0,0
280,0,0,0,0,0,0,0,0,0,0,0,0,0,0,0,0,0,0,0,0,0,0,0,0,0,0,0,0
281,0,0,0,0,0,0,0,0,0,0,0,0,0,0,0,0,0,0,0,0,0,0,0,0,0,0,0,0
282,0,0,0,0,0,0,0,0,0,0,0,0,0,0,0,0,0,0,0,0,0,0,0,0,0,0,0,0
283,15,3,1,0,0,0,0,0,0,0,0,0,0,11,0,0,3,11,1,0,0,0,0,1,4,2,8,1
284,3,0,0,0,1,0,0,0,0,0,1,0,0,1,0,0,2,1,1,0,0,0,1,1,0,0,2,1
285,18,2,1,0,0,0,1,0,0,0,0,0,0,14,0,0,13,4,2,0,0,2,0,3,0,0,15,2
286,12,0,4,0,0,0,0,0,0,0,0,0,0,8,0,0,2,6,4,0,0,0,6,0,0,0,6,2
287,10,2,0,0,0,0,0,0,0,0,0,0,0,8,0,0,5,5,0,0,0,0,0,0,0,0,10,0
288,0,0,0,0,0,0,0,0,0,0,0,0,0,0,0,0,0,0,0,0,0,0,0,0,0,0,0,0
289,12,3,0,0,0,0,0,0,0,0,0,0,0,0,0,9,6,3,3,0,0,0,5,0,7,0,0,1
290,12,0,0,0,0,3,0,0,0,0,0,0,0,0,0,9,3,6,3,2,0,0,0,0,0,0,12,0
291,10,0,0,0,0,3,0,0,0,7,0,0,0,0,0,0,5,2,3,0,0,0,0,0,0,0,10,0
292,17,0,0,0,0,6,0,0,0,10,0,0,0,0,0,1,3,8,6,1,0,0,0,2,0,0,15,0
293,29,0,0,0,0,9,2,0,0,0,0,0,0,0,0,18,8,10,11,0,0,0,0,0,0,0,29,0
294,15,0,0,0,0,7,0,0,0,6,0,0,0,0,0,2,6,2,7,0,0,0,0,0,0,0,15,0
295,33,0,0,0,0,4,0,0,0,0,0,0,0,0,0,29,14,15,4,1,0,0,2,0,8,0,23,4
296,35,0,0,0,0,6,0,0,0,0,0,0,0,0,0,29,20,9,6,4,0,0,4,0,2,0,29,0
297,13,0,0,0,0,1,0,0,0,11,0,0,0,0,0,1,10,2,1,1,0,0,0,0,0,0,13,0
298,0,0,0,0,0,0,0,0,0,0,0,0,0,0,0,0,0,0,0,0,0,0,0,0,0,0,0,0
299,0,0,0,0,0,0,0,0,0,0,0,0,0,0,0,0,0,0,0,0,0,0,0,0,0,0,0,0
300,6,0,0,0,0,0,0,0,0,0,0,0,0,0,0,6,4,2,0,0,0,0,0,0,2,0,4,0
301,3,0,0,0,1,0,0,0,0,0,1,0,0,1,0,0,2,1,1,0,0,0,1,1,0,0,2,1
302,0,0,0,0,0,0,0,0,0,0,0,0,0,0,0,0,0,0,0,0,0,0,0,0,0,0,0,0
303,16,0,1,0,0,5,0,2,0,2,2,0,0,0,0,4,3,5,8,0,0,7,9,7,0,0,0,13
304,70,7,0,0,2,16,4,2,0,15,4,3,2,4,2,9,22,21,27,1,3,18,40,28,2,0,0,51
305,48,2,3,0,0,4,6,0,0,21,2,5,2,0,0,3,25,9,14,0,0,0,41,2,0,0,5,35
306,43,0,0,2,0,10,17,0,0,13,0,0,0,0,0,1,13,16,14,3,2,0,31,0,9,0,3,32
307,28,5,0,0,2,11,5,0,2,1,0,0,0,0,2,0,5,9,14,0,1,9,7,14,5,0,2,23
308,21,0,0,0,0,5,0,0,0,0,0,0,0,0,0,16,5,11,5,4,0,4,0,5,2,0,14,0
309,26,0,0,0,0,3,0,0,0,0,0,0,0,0,0,23,13,10,3,0,0,0,0,0,0,0,26,0
310,19,0,0,0,0,7,0,0,0,0,0,0,0,0,0,12,6,6,7,1,1,2,5,2,0,0,12,2
311,6,0,0,0,0,0,0,0,0,0,0,0,0,0,0,6,4,2,0,0,0,0,0,0,2,0,4,0
312,24,0,0,0,0,11,0,0,0,0,0,0,0,0,0,13,3,10,11,0,0,0,1,0,4,0,19,0
313,13,0,0,0,0,4,0,0,0,0,0,0,0,0,0,9,3,6,4,0,0,0,0,3,0,0,10,0
314,16,0,0,0,0,4,0,0,0,0,0,0,0,0,0,12,7,5,4,4,0,0,0,6,0,0,10,0
315,21,0,0,0,0,8,0,0,0,0,0,0,2,0,0,11,4,9,8,0,0,0,0,0,0,0,21,0
316,0,0,0,0,0,0,0,0,0,0,0,0,0,0,0,0,0,0,0,0,0,0,0,0,0,0,0,0
317,26,0,0,0,0,9,2,0,0,0,0,0,0,0,0,15,8,9,9,0,0,0,0,0,0,0,26,0
318,19,0,0,0,0,9,0,0,0,0,0,0,0,0,0,10,7,3,9,0,0,0,2,0,0,4,13,0
319,23,0,0,0,0,11,0,0,0,0,0,0,0,0,0,12,6,6,11,0,0,0,0,0,6,2,15,0
320,0,0,0,0,0,0,0,0,0,0,0,0,0,0,0,0,0,0,0,0,0,0,0,0,0,0,0,0
321,12,0,0,0,0,4,4,0,0,0,0,0,0,0,0,4,2,4,6,2,0,0,0,0,0,0,12,4
322,0,0,0,0,0,0,0,0,0,0,0,0,0,0,0,0,0,0,0,0,0,0,0,0,0,0,0,0
323,13,5,2,0,0,0,0,0,0,0,0,0,0,6,0,0,4,3,6,0,0,0,4,0,3,0,6,0
324,12,4,3,1,0,0,1,0,0,0,0,0,0,3,0,0,1,7,4,0,0,0,2,2,0,0,8,0
325,3,0,0,0,1,0,0,0,0,0,1,0,0,1,0,0,2,1,1,0,0,0,1,1,0,0,2,1
326,3,0,0,0,1,0,0,0,0,0,1,0,0,1,0,0,2,1,1,0,0,0,1,1,0,0,2,1
327,3,0,0,0,1,0,0,0,0,0,1,0,0,1,0,0,2,1,1,0,0,0,1,1,0,0,2,1
328,11,0,1,0,0,0,0,0,0,0,1,0,0,9,0,0,4,5,2,0,0,0,0,1,4,0,6,1
329,0,0,0,0,0,0,0,0,0,0,0,0,0,0,0,0,0,0,0,0,0,0,0,0,0,0,0,0
330,5,1,1,0,0,1,1,0,0,0,0,0,0,1,0,0,2,1,2,0,0,0,0,1,0,1,1,1
331,3,0,0,0,1,0,0,0,0,0,1,0,0,1,0,0,2,1,1,0,0,0,1,1,0,0,2,1
332,3,0,0,0,1,0,0,0,0,0,1,0,0,1,0,0,2,1,1,0,0,0,1,1,0,0,2,1
333,14,0,2,0,0,0,0,0,0,0,0,0,0,10,0,2,7,5,2,0,0,4,0,4,2,4,4,0
334,3,0,0,0,1,0,0,0,0,0,1,0,0,1,0,0,2,1,1,0,0,0,1,1,0,0,2,1
335,5,1,1,0,0,1,1,0,0,0,0,0,0,1,0,0,2,1,2,0,0,0,0,1,0,1,1,1
336,5,1,1,0,0,1,1,0,0,0,0,0,0,1,0,0,2,1,2,0,0,0,0,1,0,1,1,1
337,0,0,0,0,0,0,0,0,0,0,0,0,0,0,0,0,0,0,0,0,0,0,0,0,0,0,0,0
338,24,3,5,0,0,0,0,0,0,0,2,0,0,12,2,0,8,7,9,0,0,4,12,8,1,0,3,13
339,19,1,4,0,0,0,9,0,0,0,0,1,0,4,0,0,6,6,6,0,1,3,6,8,4,0,0,14
340,18,1,7,0,0,0,2,0,0,0,0,2,0,3,3,0,8,2,8,0,0,5,7,5,2,0,4,12
341,25,3,7,4,1,0,2,0,0,0,0,4,0,2,2,0,5,12,8,0,0,14,4,16,0,2,3,15
342,10,0,3,0,0,0,3,0,0,0,0,0,0,4,0,0,3,3,4,0,4,0,4,4,0,0,2,7
343,5,1,0,0,0,0,2,0,0,0,0,0,0,2,0,0,2,0,2,0,0,0,4,0,1,0,0,4
344,35,2,11,0,0,0,5,0,0,0,0,1,0,16,0,0,8,12,15,0,2,2,16,11,4,0,4,25
345,25,5,7,2,0,0,7,0,0,0,0,0,0,2,2,0,0,12,13,0,0,5,17,5,2,0,1,20
346,15,3,3,0,0,0,0,0,0,0,0,0,0,9,0,0,8,2,5,0,0,0,13,0,0,0,2,8
347,21,2,0,0,0,5,7,2,0,3,0,0,0,0,2,0,6,7,8,0,1,2,18,2,0,1,0,10
348,10,0,2,2,0,0,0,0,0,0,0,3,0,2,0,1,4,4,2,0,0,7,1,7,2,0,0,7
349,0,0,0,0,0,0,0,0,0,0,0,0,0,0,0,0,0,0,0,0,0,0,0,0,0,0,0,0
350,0,0,0,0,0,0,0,0,0,0,0,0,0,0,0,0,0,0,0,0,0,0,0,0,0,0,0,0
351,0,0,0,0,0,0,0,0,0,0,0,0,0,0,0,0,0,0,0,0,0,0,0,0,0,0,0,0
352,0,0,0,0,0,0,0,0,0,0,0,0,0,0,0,0,0,0,0,0,0,0,0,0,0,0,0,0
353,3,0,0,0,1,0,0,0,0,0,1,0,0,1,0,0,2,1,1,0,0,0,1,1,0,0,2,1
354,11,5,0,0,0,2,0,0,0,0,0,0,0,0,0,4,1,3,7,0,0,0,0,7,2,0,2,0
355,12,2,0,0,0,2,0,0,0,1,0,0,0,0,0,7,4,5,3,0,1,0,0,0,0,2,10,5
356,42,0,0,0,0,10,0,0,0,0,0,0,6,0,0,26,16,16,10,3,4,0,0,0,1,4,37,5
357,21,0,0,0,0,5,0,0,0,2,0,0,0,0,0,14,5,11,5,0,0,0,0,4,0,0,17,0
358,37,0,0,0,0,9,0,0,0,0,0,0,0,0,0,28,14,14,9,4,0,0,4,0,0,0,33,1
359,11,0,0,0,0,5,0,0,0,0,0,0,0,0,0,6,2,4,5,0,0,1,1,2,1,0,8,0
360,23,0,0,0,0,7,0,0,0,0,0,0,0,0,0,16,4,12,7,1,0,1,0,2,2,0,18,0
361,0,0,0,0,0,0,0,0,0,0,0,0,0,0,0,0,0,0,0,0,0,0,0,0,0,0,0,0
362,74,0,0,0,0,28,2,0,0,0,0,0,0,0,0,44,23,23,28,1,0,2,2,10,2,1,59,0
363,0,0,0,0,0,0,0,0,0,0,0,0,0,0,0,0,0,0,0,0,0,0,0,0,0,0,0,0
364,27,0,0,0,0,9,2,0,0,0,0,0,0,0,0,16,8,10,9,6,2,8,0,6,3,0,18,3
365,0,0,0,0,0,0,0,0,0,0,0,0,0,0,0,0,0,0,0,0,0,0,0,0,0,0,0,0
366,19,0,0,0,0,7,0,0,0,0,0,0,0,0,0,12,6,6,7,1,1,2,5,2,0,0,12,2
367,26,5,0,0,0,5,0,0,0,0,0,0,0,0,0,16,10,9,7,0,0,0,5,0,4,0,17,4
368,13,1,0,0,0,4,0,0,0,0,0,0,0,0,0,8,4,4,4,1,0,0,1,0,0,0,12,2
369,23,0,0,0,0,7,0,0,0,0,0,0,0,0,0,16,4,12,7,1,0,1,0,2,2,0,18,0
370,17,0,0,0,0,4,0,0,0,0,0,1,0,0,0,12,9,4,4,0,0,0,0,0,2,0,15,0
371,37,1,0,0,0,15,0,0,0,0,0,0,0,0,0,21,12,10,15,1,0,0,2,2,1,0,32,2
372,10,0,0,0,0,0,2,0,0,0,0,0,0,0,0,8,6,4,0,0,0,0,0,0,3,0,7,0
373,13,1,0,0,0,4,0,0,0,0,0,0,0,0,0,8,4,4,4,1,0,0,1,0,0,0,12,2
374,37,0,0,0,0,12,0,0,0,0,0,0,0,0,0,25,15,10,12,0,0,0,0,1,0,0,36,0
375,14,0,0,0,0,0,6,6,0,0,0,0,2,0,0,0,4,9,1,0,0,0,0,0,0,0,14,0
376,0,0,0,0,0,0,0,0,0,0,0,0,0,0,0,0,0,0,0,0,0,0,0,0,0,0,0,0
377,10,0,0,0,0,4,0,6,0,0,0,0,0,0,0,0,2,5,4,0,0,0,2,0,0,2,7,2
378,14,0,0,0,0,7,2,5,0,0,0,0,0,0,0,0,3,4,7,0,0,0,3,0,0,4,7,5
379,3,0,0,0,1,0,0,0,0,0,1,0,0,1,0,0,2,1,1,0,0,0,1,1,0,0,2,1
380,19,0,0,0,0,0,0,17,0,0,2,0,0,0,0,0,8,9,2,0,0,0,0,1,0,0,18,0
381,0,0,0,0,0,0,0,0,0,0,0,0,0,0,0,0,0,0,0,0,0,0,0,0,0,0,0,0
382,19,0,1,0,0,8,0,0,0,0,0,0,10,0,0,0,5,5,9,0,3,0,0,0,3,5,11,2
383,21,0,0,0,0,8,0,6,0,0,0,0,7,0,0,0,6,8,8,0,0,0,0,2,4,4,10,6
384,20,2,0,0,0,8,0,10,0,0,0,0,0,0,0,0,1,9,10,0,0,0,0,0,12,0,8,6
385,3,0,0,0,1,0,0,0,0,0,1,0,0,1,0,0,2,1,1,0,0,0,1,1,0,0,2,1
386,21,0,0,0,0,8,0,6,0,0,0,0,7,0,0,0,6,8,8,0,0,0,0,2,4,4,10,6
387,27,0,0,0,0,12,0,0,0,0,0,0,15,0,0,0,6,9,12,0,0,0,0,2,9,0,16,0
388,25,0,0,0,0,11,0,11,0,2,0,1,0,0,0,0,6,8,11,0,2,1,2,1,4,6,12,9
389,3,0,0,0,1,0,0,0,0,0,1,0,0,1,0,0,2,1,1,0,0,0,1,1,0,0,2,1
390,11,0,0,0,0,2,0,7,0,0,0,0,2,0,0,0,3,6,2,0,2,0,2,3,0,0,6,4
391,26,0,0,0,0,13,0,11,0,2,0,0,0,0,0,0,4,9,13,0,0,0,4,0,6,0,16,0
392,6,0,0,0,0,4,0,2,0,0,0,0,0,0,0,0,2,0,4,0,0,0,0,0,0,0,6,0
393,26,1,0,2,0,3,0,0,1,0,0,0,16,0,3,0,16,7,3,2,8,3,1,3,2,10,10,9
394,25,0,0,0,0,6,0,0,0,0,0,0,19,0,0,0,10,8,6,0,0,0,0,0,2,2,22,0
395,17,0,0,0,0,6,0,0,0,0,0,0,11,0,0,0,8,3,6,0,0,0,0,0,3,0,14,0
396,10,0,0,0,0,4,0,6,0,0,0,0,0,0,0,0,2,5,4,0,0,0,2,0,0,2,7,2
397,20,0,0,0,0,4,0,16,0,0,0,0,0,0,0,0,9,7,4,0,1,0,2,3,0,0,15,0
398,6,0,0,0,0,2,0,2,0,0,0,0,2,0,0,0,0,3,2,0,0,0,0,0,0,2,4,0
399,19,0,0,0,0,7,0,11,0,0,0,0,0,0,0,1,8,4,7,0,0,2,0,2,4,1,12,2
400,19,0,0,0,0,3,0,16,0,0,0,0,0,0,0,0,9,7,3,0,0,0,4,0,0,0,15,0
401,26,0,0,0,0,6,0,20,0,0,0,0,0,0,0,0,10,10,6,0,0,0,0,2,4,0,20,0
402,5,0,0,0,0,2,0,2,0,1,0,0,0,0,0,0,0,2,2,0,0,0,0,2,0,0,4,0
403,0,0,0,0,0,0,0,0,0,0,0,0,0,0,0,0,0,0,0,0,0,0,0,0,0,0,0,0
404,34,0,0,0,0,15,0,0,0,19,0,0,0,0,0,0,7,12,15,0,0,0,0,0,1,2,31,0
405,27,0,0,0,0,9,0,0,0,18,0,0,0,0,0,0,8,10,9,0,0,0,0,0,11,1,15,0
406,14,0,0,0,0,3,0,0,0,9,0,0,2,0,0,0,6,5,3,0,0,0,0,3,0,1,10,0
407,20,0,0,0,0,10,0,10,0,0,0,0,0,0,0,0,3,7,10,0,0,0,0,0,4,0,16,0
408,0,0,0,0,0,0,0,0,0,0,0,0,0,0,0,0,0,0,0,0,0,0,0,0,0,0,0,0
409,23,0,0,0,0,5,4,14,0,0,0,0,0,0,0,0,7,10,6,0,0,0,0,1,2,0,20,0
410,5,0,0,0,0,2,0,2,0,1,0,0,0,0,0,0,0,2,2,0,0,0,0,2,0,0,4,0
411,12,0,2,0,0,3,3,0,0,4,0,0,0,0,0,0,2,4,7,0,0,0,1,1,2,3,5,0
412,3,0,0,0,1,0,0,0,0,0,1,0,0,1,0,0,2,1,1,0,0,0,1,1,0,0,2,1
413,10,0,0,0,0,3,0,7,0,0,0,0,0,0,0,0,3,4,3,0,0,0,0,0,1,0,9,0
414,0,0,0,0,0,0,0,0,0,0,0,0,0,0,0,0,0,0,0,0,0,0,0,0,0,0,0,0
415,0,0,0,0,0,0,0,0,0,0,0,0,0,0,0,0,0,0,0,0,0,0,0,0,0,0,0,0
416,16,0,0,0,0,7,0,7,0,0,0,0,0,0,0,2,4,5,7,0,0,2,0,5,9,0,2,4
417,24,0,0,0,0,5,0,19,0,0,0,0,0,0,0,0,11,8,5,0,0,0,0,0,1,2,21,0
418,16,0,0,0,0,4,2,10,0,0,0,0,0,0,0,0,4,6,4,0,0,0,0,0,1,0,14,0
419,31,0,0,0,0,15,0,16,0,0,0,0,0,0,0,0,5,11,15,0,0,0,0,0,8,0,23,0
420,12,0,0,0,0,6,0,6,0,0,0,0,0,0,0,0,1,5,6,0,0,0,0,0,0,0,12,0
421,0,0,0,0,0,0,0,0,0,0,0,0,0,0,0,0,0,0,0,0,0,0,0,0,0,0,0,0
422,0,0,0,0,0,0,0,0,0,0,0,0,0,0,0,0,0,0,0,0,0,0,0,0,0,0,0,0
423,0,0,0,0,0,0,0,0,0,0,0,0,0,0,0,0,0,0,0,0,0,0,0,0,0,0,0,0
424,0,0,0,0,0,0,0,0,0,0,0,0,0,0,0,0,0,0,0,0,0,0,0,0,0,0,0,0
425,0,0,0,0,0,0,0,0,0,0,0,0,0,0,0,0,0,0,0,0,0,0,0,0,0,0,0,0
426,0,0,0,0,0,0,0,0,0,0,0,0,0,0,0,0,0,0,0,0,0,0,0,0,0,0,0,0
427,0,0,0,0,0,0,0,0,0,0,0,0,0,0,0,0,0,0,0,0,0,0,0,0,0,0,0,0
428,0,0,0,0,0,0,0,0,0,0,0,0,0,0,0,0,0,0,0,0,0,0,0,0,0,0,0,0
429,3,0,0,0,1,0,0,0,0,0,1,0,0,1,0,0,2,1,1,0,0,0,1,1,0,0,2,1
430,79,8,2,1,3,19,7,22,0,4,1,2,10,0,0,0,23,32,24,0,0,3,60,9,5,0,5,68
431,67,4,2,0,0,18,5,18,1,1,1,4,7,2,0,4,20,25,22,0,8,6,39,15,3,4,6,65
432,47,0,2,0,9,11,0,1,0,2,6,0,16,0,0,0,11,17,19,0,3,9,24,14,4,0,5,39
433,56,1,0,0,22,9,8,0,0,0,3,0,0,0,0,13,26,15,15,9,0,0,5,12,4,6,29,6
434,21,1,0,0,11,1,0,0,0,0,4,0,0,0,0,4,7,8,6,0,0,0,4,2,0,0,15,1
435,59,0,0,0,2,17,5,1,0,0,0,0,20,0,0,14,14,24,21,0,0,0,23,7,6,1,22,23
436,24,0,0,0,3,8,0,4,0,0,2,6,0,0,0,1,8,6,10,3,0,8,8,16,0,0,0,22
437,24,0,0,1,0,6,2,0,0,0,0,0,15,0,0,0,7,10,7,0,2,2,13,2,2,6,1,16
438,25,5,0,0,0,10,0,3,0,0,0,0,7,0,0,0,5,8,12,0,0,0,5,12,0,0,8,17
439,12,0,0,0,1,4,0,0,0,0,1,0,6,0,0,0,2,5,5,0,0,0,0,0,6,0,6,0
440,62,0,1,0,4,19,4,14,0,2,3,1,6,0,2,6,11,26,25,2,4,10,28,15,7,4,8,50
441,40,0,2,0,0,12,0,19,0,1,0,0,0,2,0,4,8,18,14,0,6,2,16,10,6,4,4,33
442,8,1,0,0,0,0,0,0,0,0,0,0,0,7,0,0,6,2,0,0,0,0,1,2,2,1,2,4
443,3,0,0,0,1,0,0,0,0,0,1,0,0,1,0,0,2,1,1,0,0,0,1,1,0,0,2,1
444,10,0,3,0,0,0,2,0,0,0,0,0,0,5,0,0,4,2,4,0,1,0,4,2,2,0,2,6
445,13,0,1,0,0,0,2,0,0,0,0,0,0,10,0,0,6,6,1,0,0,0,6,3,0,4,0,3
446,22,0,6,0,0,0,1,0,0,0,0,0,0,15,0,0,7,9,6,0,2,0,0,2,2,7,11,9
447,18,0,3,0,0,0,0,0,0,0,0,0,0,15,0,0,6,9,3,0,4,0,0,3,0,4,11,4
448,8,1,1,0,0,0,1,0,0,0,0,1,0,4,0,0,4,3,2,0,0,0,2,1,1,0,5,0
449,14,1,2,0,0,0,4,0,0,0,0,0,0,7,0,0,6,3,5,0,0,0,0,5,1,1,7,2
450,8,1,1,0,0,0,1,0,0,0,0,1,0,4,0,0,4,3,2,0,0,0,2,1,1,0,5,0
451,12,2,5,0,0,0,2,0,0,0,0,0,0,0,3,0,2,3,7,2,0,1,3,6,1,0,2,6
452,48,0,1,5,0,1,12,0,3,0,10,0,0,0,16,0,19,11,18,1,2,10,23,21,2,1,1,36
453,37,3,2,1,0,0,0,0,0,0,10,3,0,0,18,0,16,8,13,5,0,2,19,2,2,0,14,19
454,22,0,0,0,0,0,1,0,2,0,7,0,0,0,12,0,6,8,8,2,0,0,2,2,0,0,18,7
455,42,0,1,0,0,0,4,0,2,0,9,1,0,0,25,0,20,12,10,2,4,6,15,9,8,0,10,21
456,19,0,0,0,0,0,0,0,0,0,6,0,0,0,13,0,6,7,6,0,0,0,6,0,2,0,11,6
457,36,0,1,0,0,0,2,0,2,0,11,0,0,0,20,0,10,13,13,1,0,0,6,0,4,2,24,9
458,38,2,0,0,0,2,2,0,0,0,9,0,2,0,21,0,16,9,13,4,3,1,6,1,2,6,23,12
459,40,6,0,0,0,2,6,0,0,0,5,2,4,0,15,0,13,15,12,3,4,2,7,4,6,2,21,2
460,6,0,1,2,0,0,0,0,0,0,2,0,0,0,1,0,1,2,2,0,0,0,1,0,0,0,4,0
461,14,2,0,0,0,0,3,0,3,0,4,0,0,0,2,0,3,5,7,0,0,1,1,2,0,0,12,1
462,0,0,0,0,0,0,0,0,0,0,0,0,0,0,0,0,0,0,0,0,0,0,0,0,0,0,0,0
463,0,0,0,0,0,0,0,0,0,0,0,0,0,0,0,0,0,0,0,0,0,0,0,0,0,0,0,0
464,0,0,0,0,0,0,0,0,0,0,0,0,0,0,0,0,0,0,0,0,0,0,0,0,0,0,0,0
465,0,0,0,0,0,0,0,0,0,0,0,0,0,0,0,0,0,0,0,0,0,0,0,0,0,0,0,0
466,0,0,0,0,0,0,0,0,0,0,0,0,0,0,0,0,0,0,0,0,0,0,0,0,0,0,0,0
467,0,0,0,0,0,0,0,0,0,0,0,0,0,0,0,0,0,0,0,0,0,0,0,0,0,0,0,0
468,0,0,0,0,0,0,0,0,0,0,0,0,0,0,0,0,0,0,0,0,0,0,0,0,0,0,0,0
469,0,0,0,0,0,0,0,0,0,0,0,0,0,0,0,0,0,0,0,0,0,0,0,0,0,0,0,0
470,0,0,0,0,0,0,0,0,0,0,0,0,0,0,0,0,0,0,0,0,0,0,0,0,0,0,0,0
471,0,0,0,0,0,0,0,0,0,0,0,0,0,0,0,0,0,0,0,0,0,0,0,0,0,0,0,0
472,0,0,0,0,0,0,0,0,0,0,0,0,0,0,0,0,0,0,0,0,0,0,0,0,0,0,0,0
473,0,0,0,0,0,0,0,0,0,0,0,0,0,0,0,0,0,0,0,0,0,0,0,0,0,0,0,0
474,0,0,0,0,0,0,0,0,0,0,0,0,0,0,0,0,0,0,0,0,0,0,0,0,0,0,0,0
475,0,0,0,0,0,0,0,0,0,0,0,0,0,0,0,0,0,0,0,0,0,0,0,0,0,0,0,0
476,0,0,0,0,0,0,0,0,0,0,0,0,0,0,0,0,0,0,0,0,0,0,0,0,0,0,0,0
477,0,0,0,0,0,0,0,0,0,0,0,0,0,0,0,0,0,0,0,0,0,0,0,0,0,0,0,0
478,0,0,0,0,0,0,0,0,0,0,0,0,0,0,0,0,0,0,0,0,0,0,0,0,0,0,0,0
479,0,0,0,0,0,0,0,0,0,0,0,0,0,0,0,0,0,0,0,0,0,0,0,0,0,0,0,0
480,0,0,0,0,0,0,0,0,0,0,0,0,0,0,0,0,0,0,0,0,0,0,0,0,0,0,0,0
481,0,0,0,0,0,0,0,0,0,0,0,0,0,0,0,0,0,0,0,0,0,0,0,0,0,0,0,0
482,0,0,0,0,0,0,0,0,0,0,0,0,0,0,0,0,0,0,0,0,0,0,0,0,0,0,0,0
483,0,0,0,0,0,0,0,0,0,0,0,0,0,0,0,0,0,0,0,0,0,0,0,0,0,0,0,0
484,42,2,10,0,5,1,10,0,1,2,1,2,0,6,2,0,10,11,21,0,0,13,16,17,4,5,0,26
485,11,0,0,0,0,0,7,0,0,0,0,2,0,0,2,0,4,4,3,0,0,4,0,11,0,0,0,9
486,19,1,4,0,0,0,9,0,0,0,0,1,0,4,0,0,6,6,6,0,1,3,6,8,4,0,0,14
487,27,0,0,0,1,4,15,0,0,5,0,0,0,0,0,2,9,7,11,0,0,2,6,17,2,2,0,23
488,11,1,0,0,0,2,4,0,0,1,1,0,0,0,2,0,4,4,3,1,0,1,6,2,0,0,3,8
489,30,1,4,0,2,4,4,0,1,6,2,0,0,2,4,0,8,8,12,2,4,3,12,11,1,0,4,21
490,32,0,0,0,0,8,14,0,0,7,0,0,0,0,3,0,7,7,18,1,0,0,24,1,4,0,3,24
491,18,2,0,0,0,2,7,0,0,2,2,1,0,0,2,0,9,4,5,0,0,6,8,10,0,0,0,14
492,61,0,13,35,0,0,6,0,2,0,0,3,0,0,2,0,19,26,16,8,5,12,16,18,4,6,17,34
493,23,1,8,13,0,0,0,0,0,0,1,0,0,0,0,0,11,3,9,0,2,0,15,3,0,2,3,13
494,28,0,4,10,3,0,11,0,0,0,0,0,0,0,0,0,7,13,8,0,2,9,12,11,0,2,3,23
495,23,4,7,4,0,4,2,1,0,0,0,0,0,0,1,0,4,8,11,0,3,4,17,6,0,0,0,17
496,25,0,11,11,0,0,0,0,0,0,0,0,0,3,0,0,6,8,11,0,4,7,6,13,0,2,4,21
497,7,0,0,0,0,0,0,7,0,0,0,0,0,0,0,0,5,2,0,0,0,0,0,0,0,0,8,0
498,22,0,0,0,0,7,0,14,0,0,0,0,1,0,0,0,10,5,7,0,1,0,0,2,4,4,12,4
499,16,0,0,0,0,6,0,10,0,0,0,0,0,0,0,0,7,3,6,0,0,0,0,0,2,0,14,0
500,13,0,0,0,0,5,0,8,0,0,0,0,0,0,0,0,6,2,5,0,0,0,0,0,1,2,10,0
501,27,0,0,0,0,7,4,13,0,0,0,0,0,0,0,3,9,11,7,0,0,4,0,6,0,0,21,2
502,7,0,0,0,0,0,0,7,0,0,0,0,0,0,0,0,5,2,0,0,0,0,0,0,0,0,8,0
503,16,0,0,0,0,13,1,0,0,0,0,0,0,0,2,0,0,2,14,2,0,0,0,0,2,0,14,0
504,0,0,0,0,0,0,0,0,0,0,0,0,0,0,0,0,0,0,0,0,0,0,0,0,0,0,0,0
505,26,0,0,0,0,10,5,11,0,0,0,0,0,0,0,0,6,9,11,0,0,0,0,4,0,0,22,0
506,0,0,0,0,0,0,0,0,0,0,0,0,0,0,0,0,0,0,0,0,0,0,0,0,0,0,0,0
507,28,0,0,0,0,6,0,22,0,0,0,0,0,0,0,0,13,9,6,0,0,0,0,0,6,7,15,0
508,27,0,0,0,0,5,0,17,0,1,0,0,4,0,0,0,14,8,5,0,0,0,0,4,2,0,21,0
509,6,0,0,0,0,2,0,2,0,0,0,0,2,0,0,0,0,3,2,0,0,0,0,0,0,2,4,0
510,11,0,0,0,0,4,0,7,0,0,0,0,0,0,0,0,2,5,4,0,0,0,2,0,2,0,7,1
511,11,0,0,0,0,4,0,7,0,0,0,0,0,0,0,0,2,5,4,0,0,0,2,0,2,0,7,1
512,29,1,16,9,0,1,2,0,0,0,0,0,0,0,0,0,3,8,18,2,2,0,8,0,8,2,11,5
513,12,1,3,2,0,0,2,0,0,0,1,3,0,0,0,0,3,2,7,0,0,0,2,2,2,2,5,4
514,6,0,1,2,0,0,0,0,0,0,2,0,0,0,1,0,1,2,2,0,0,0,1,0,0,0,4,0
515,16,0,8,0,0,0,4,0,0,0,0,4,0,0,0,0,3,4,9,0,0,0,2,0,4,0,10,0
516,17,0,4,8,0,0,0,0,0,0,0,1,0,0,4,0,7,6,4,0,2,4,8,4,1,2,2,10
517,23,0,8,6,7,0,0,0,0,0,0,0,0,0,2,0,2,13,8,2,0,15,1,15,0,0,7,16
518,10,0,2,5,0,0,3,0,0,0,0,0,0,0,0,0,1,5,5,2,0,0,1,1,1,0,8,1
519,31,0,9,17,1,0,3,0,0,0,1,0,0,0,0,0,11,10,10,1,1,10,8,19,0,0,4,20
520,17,0,11,5,0,0,1,0,0,0,0,0,0,0,0,0,2,4,11,2,0,2,5,0,2,0,10,1
521,0,0,0,0,0,0,0,0,0,0,0,0,0,0,0,0,0,0,0,0,0,0,0,0,0,0,0,0
522,0,0,0,0,0,0,0,0,0,0,0,0,0,0,0,0,0,0,0,0,0,0,0,0,0,0,0,0
523,0,0,0,0,0,0,0,0,0,0,0,0,0,0,0,0,0,0,0,0,0,0,0,0,0,0,0,0
524,0,0,0,0,0,0,0,0,0,0,0,0,0,0,0,0,0,0,0,0,0,0,0,0,0,0,0,0
525,0,0,0,0,0,0,0,0,0,0,0,0,0,0,0,0,0,0,0,0,0,0,0,0,0,0,0,0
526,0,0,0,0,0,0,0,0,0,0,0,0,0,0,0,0,0,0,0,0,0,0,0,0,0,0,0,0
527,0,0,0,0,0,0,0,0,0,0,0,0,0,0,0,0,0,0,0,0,0,0,0,0,0,0,0,0
528,6,0,0,0,0,4,0,2,0,0,0,0,0,0,0,0,2,0,4,0,0,0,0,0,0,0,6,0
529,35,0,0,0,0,8,4,23,0,0,0,0,0,0,0,0,11,12,12,0,0,0,2,3,4,0,26,2
530,27,0,0,0,0,4,4,19,0,0,0,0,0,0,0,0,11,12,4,0,0,0,0,4,4,1,18,2
531,30,0,0,0,2,6,0,19,0,0,2,0,0,0,1,0,9,13,8,1,0,0,1,1,0,0,28,1
532,15,0,0,0,0,5,0,10,0,0,0,0,0,0,0,0,5,5,5,0,0,0,0,0,0,2,13,0
533,9,0,0,0,0,3,0,6,0,0,0,0,0,0,0,0,4,2,3,0,0,0,2,1,0,1,4,3
534,21,2,3,16,0,0,0,0,0,0,0,0,0,0,0,0,5,13,3,0,0,2,4,11,2,0,4,1
535,25,0,0,0,19,0,0,0,0,0,6,0,0,0,0,0,8,11,6,0,0,4,6,6,4,0,9,10
536,10,0,0,0,5,0,0,0,0,0,5,0,0,0,0,0,2,3,5,0,0,0,0,3,0,0,7,0
537,10,0,0,0,6,0,0,0,0,0,4,0,0,0,0,0,3,3,4,0,0,0,0,0,2,0,8,0
538,25,0,0,0,10,0,0,0,0,0,12,0,0,0,3,0,5,8,12,1,0,0,0,0,6,0,19,0
539,13,0,0,0,7,0,0,0,0,0,6,0,0,0,0,0,3,4,6,2,0,0,0,0,6,0,7,0
540,19,0,0,0,9,0,0,0,0,0,10,0,0,0,0,0,3,6,10,3,0,0,0,0,0,0,19,0
541,7,0,0,0,4,0,0,0,1,0,2,0,0,0,0,0,4,1,2,0,0,0,0,0,0,0,8,0
542,7,0,0,0,4,0,0,0,1,0,2,0,0,0,0,0,4,1,2,0,0,0,0,0,0,0,8,0
543,24,0,0,0,17,0,0,0,0,0,6,1,0,0,0,0,10,8,6,4,0,0,0,0,2,0,22,0
544,0,0,0,0,0,0,0,0,0,0,0,0,0,0,0,0,0,0,0,0,0,0,0,0,0,0,0,0
545,4,0,0,0,2,0,0,0,0,0,2,0,0,0,0,0,1,2,2,0,0,1,0,2,0,2,1,0
546,12,0,0,0,9,0,0,0,0,0,3,0,0,0,0,0,6,3,3,0,0,0,0,0,4,0,8,0
547,3,0,0,0,1,0,0,0,0,0,1,0,0,1,0,0,2,1,1,0,0,0,1,1,0,0,2,1
548,31,0,0,0,0,10,0,0,0,0,0,0,18,0,2,1,17,4,10,3,0,0,0,0,0,0,31,0
549,46,0,1,1,6,6,3,0,0,0,6,0,23,0,0,0,20,13,13,0,5,0,5,7,9,5,20,9
550,0,0,0,0,0,0,0,0,0,0,0,0,0,0,0,0,0,0,0,0,0,0,0,0,0,0,0,0
551,41,0,0,0,0,12,0,0,0,0,0,0,28,0,0,1,15,14,12,1,0,0,0,1,4,8,28,1
552,11,0,0,0,0,4,1,0,0,0,0,0,6,0,0,0,4,4,4,0,0,0,1,1,1,0,8,4
553,21,3,0,0,0,2,1,0,0,0,2,0,13,0,0,0,10,7,4,1,6,0,8,8,0,0,5,5
554,3,0,0,0,1,0,0,0,0,0,1,0,0,1,0,0,2,1,1,0,0,0,1,1,0,0,2,1
555,5,0,0,1,2,0,0,0,1,0,0,0,1,0,0,0,3,2,0,0,2,0,2,0,0,2,1,2
556,11,0,0,0,0,4,1,0,0,0,0,0,6,0,0,0,4,4,4,0,0,0,1,1,1,0,8,4
557,15,0,0,0,3,3,1,0,0,0,0,3,5,0,0,0,8,4,3,5,2,0,2,4,2,0,7,8
558,0,0,0,0,0,0,0,0,0,0,0,0,0,0,0,0,0,0,0,0,0,0,0,0,0,0,0,0
559,34,0,0,0,0,10,2,0,0,0,0,0,22,0,0,0,10,14,10,0,8,0,6,4,0,3,21,6
560,18,0,0,0,0,4,0,0,0,0,0,0,14,0,0,0,9,5,4,0,3,0,0,2,4,3,9,0
561,3,0,0,0,1,0,0,0,0,0,1,0,0,1,0,0,2,1,1,0,0,0,1,1,0,0,2,1
562,3,0,0,0,1,0,0,0,0,0,1,0,0,1,0,0,2,1,1,0,0,0,1,1,0,0,2,1
563,55,2,12,2,5,0,5,0,0,0,3,21,0,0,5,0,19,19,17,0,4,11,39,12,2,0,2,49
564,73,4,19,2,0,0,6,0,6,4,2,13,0,12,4,1,27,24,22,0,19,7,45,19,2,5,2,53
565,95,2,24,14,4,0,6,0,0,0,2,35,1,7,0,0,29,36,30,0,15,13,56,20,1,15,3,76
566,46,0,8,0,2,4,0,2,2,0,1,15,5,0,7,0,11,22,13,0,1,10,23,13,3,1,6,23
567,226,16,34,5,13,1,16,0,40,0,30,45,0,10,14,2,80,75,71,2,24,64,106,82,8,11,19,183
568,34,0,0,0,0,0,0,0,26,0,8,0,0,0,0,0,9,17,8,0,3,0,2,4,2,7,19,3
569,61,0,2,4,2,1,5,0,32,0,12,0,0,1,2,0,28,18,15,1,3,8,11,18,2,3,27,32
570,24,0,2,0,0,0,0,0,11,0,11,0,0,0,0,0,6,5,13,0,0,0,0,6,6,0,12,0
571,32,0,6,0,0,0,0,0,14,0,6,0,0,0,6,0,5,15,12,0,4,13,0,13,6,4,9,18
572,53,0,0,2,0,0,6,0,20,0,23,0,0,0,2,0,14,15,24,0,5,2,6,7,7,0,33,14
573,47,1,1,0,4,0,6,0,21,0,10,0,0,2,2,0,14,18,16,4,7,2,12,8,8,1,19,23
574,31,0,0,0,2,0,0,0,14,0,15,0,0,0,0,0,5,11,15,2,0,2,0,0,5,2,24,0
575,10,0,0,0,0,0,4,0,5,0,1,0,0,0,0,0,3,5,2,0,0,0,0,2,4,0,4,0
576,47,1,1,0,4,0,6,0,21,0,10,0,0,2,2,0,14,18,16,4,7,2,12,8,8,1,19,23
577,107,12,0,0,0,0,12,0,61,0,22,0,0,0,0,0,39,34,34,0,2,0,0,8,14,5,80,8
578,44,0,0,0,1,0,0,0,15,0,26,0,0,0,2,0,1,17,26,2,0,1,0,1,7,2,34,1
579,34,0,0,0,0,0,2,0,21,0,11,0,0,0,0,0,11,12,11,0,0,2,6,4,2,2,20,11
580,26,0,0,0,0,0,2,0,0,0,4,0,2,0,18,0,8,12,6,11,0,0,0,8,6,0,12,0
581,32,2,0,0,19,0,1,0,1,0,9,0,0,0,0,0,10,13,9,0,1,0,2,11,0,3,16,15
582,11,0,0,0,4,0,4,0,2,0,1,0,0,0,0,0,8,1,2,2,0,0,0,0,3,1,7,0
583,18,0,0,0,9,0,0,0,0,0,9,0,0,0,0,0,5,4,9,2,0,3,4,6,4,2,2,6
584,4,0,0,0,4,0,0,0,0,0,0,0,0,0,0,0,3,2,0,0,0,2,2,2,2,0,0,2
585,5,0,0,0,2,0,0,0,2,0,1,0,0,0,0,0,2,2,1,0,2,1,0,2,0,0,2,2
586,29,0,0,0,5,0,2,0,0,0,9,0,0,0,13,0,9,11,9,1,0,1,1,5,0,0,23,0
587,8,0,0,0,2,0,0,0,0,0,6,0,0,0,0,0,0,2,6,1,0,0,0,2,0,0,6,0
588,6,0,0,0,3,0,1,0,0,0,1,1,0,0,0,0,3,2,1,0,0,0,1,1,0,1,3,0
589,3,0,0,0,1,0,0,0,0,0,1,0,0,1,0,0,2,1,1,0,0,0,1,1,0,0,2,1
590,0,0,0,0,0,0,0,0,0,0,0,0,0,0,0,0,0,0,0,0,0,0,0,0,0,0,0,0
591,8,0,0,0,2,0,0,0,0,0,6,0,0,0,0,0,0,2,6,1,0,0,0,2,0,0,6,0
592,11,0,0,0,6,0,0,0,0,0,5,0,0,0,0,0,4,2,5,0,0,2,0,2,3,2,4,2
593,28,0,0,0,18,0,8,0,0,0,2,0,0,0,0,0,10,8,10,3,0,0,12,0,1,0,15,13
594,16,0,0,0,2,0,3,0,0,0,6,0,0,0,5,0,6,4,6,2,0,0,0,0,7,2,6,1
595,12,0,0,0,6,0,4,0,0,0,2,0,0,0,0,0,3,5,4,0,0,0,2,2,4,0,4,6
596,101,4,7,3,0,0,19,0,33,0,22,7,0,4,2,0,30,38,33,2,17,0,72,0,4,10,15,72
597,56,5,3,0,0,0,6,0,21,0,12,7,0,0,2,0,17,23,16,0,2,15,18,28,2,1,7,48
598,47,1,9,1,0,0,15,0,0,0,5,15,1,0,0,0,12,18,17,3,0,0,28,4,5,0,10,28
599,43,2,8,2,0,0,1,0,2,0,2,23,0,0,3,0,14,16,13,4,2,4,27,6,2,0,8,33
600,64,4,18,6,0,0,4,0,5,0,4,18,3,0,0,2,14,26,24,0,5,19,22,32,0,2,8,56
601,50,5,3,0,0,0,10,0,13,0,4,6,0,3,6,0,15,22,13,2,8,12,16,16,2,1,15,40
602,24,0,2,0,1,0,2,0,10,0,5,2,0,1,1,0,10,7,7,0,1,0,9,2,1,0,12,11
603,3,0,0,0,1,0,0,0,0,0,1,0,0,1,0,0,2,1,1,0,0,0,1,1,0,0,2,1
604,0,0,0,0,0,0,0,0,0,0,0,0,0,0,0,0,0,0,0,0,0,0,0,0,0,0,0,0
605,0,0,0,0,0,0,0,0,0,0,0,0,0,0,0,0,0,0,0,0,0,0,0,0,0,0,0,0
606,0,0,0,0,0,0,0,0,0,0,0,0,0,0,0,0,0,0,0,0,0,0,0,0,0,0,0,0
607,0,0,0,0,0,0,0,0,0,0,0,0,0,0,0,0,0,0,0,0,0,0,0,0,0,0,0,0
608,0,0,0,0,0,0,0,0,0,0,0,0,0,0,0,0,0,0,0,0,0,0,0,0,0,0,0,0
609,0,0,0,0,0,0,0,0,0,0,0,0,0,0,0,0,0,0,0,0,0,0,0,0,0,0,0,0
610,13,0,0,0,5,0,0,0,0,0,4,0,0,0,4,0,3,6,4,0,0,4,6,0,4,0,3,6
611,24,0,0,0,0,3,0,0,0,0,0,0,21,0,0,0,16,5,3,0,6,0,0,0,0,2,22,3
612,12,0,0,0,11,0,0,0,0,0,0,0,1,0,0,0,8,4,0,0,0,2,2,4,0,3,3,3
613,20,0,0,0,7,0,2,0,3,0,6,0,2,0,0,0,3,11,6,4,7,0,2,4,0,9,5,11
614,15,0,0,0,12,0,0,0,0,0,3,0,0,0,0,0,7,5,3,0,0,0,0,0,4,0,11,0
615,34,4,7,0,1,0,0,0,0,0,1,21,0,0,0,0,16,10,8,5,0,8,10,10,4,0,10,10
616,26,2,10,2,0,0,0,0,0,0,0,11,0,1,0,0,8,8,10,3,2,0,8,0,7,0,11,12
617,38,2,6,2,0,0,6,0,0,0,1,17,3,0,1,0,8,20,10,8,0,2,13,2,10,0,13,10
618,40,4,8,4,0,0,2,0,2,0,1,19,0,0,0,0,14,13,13,0,2,4,23,6,0,4,7,32
619,9,1,4,0,0,0,0,0,0,0,0,4,0,0,0,0,1,4,4,0,0,1,2,2,1,0,3,2
620,0,0,0,0,0,0,0,0,0,0,0,0,0,0,0,0,0,0,0,0,0,0,0,0,0,0,0,0
621,3,0,0,0,1,0,0,0,0,0,1,0,0,1,0,0,2,1,1,0,0,0,1,1,0,0,2,1
622,43,4,3,0,0,0,5,0,9,0,15,7,0,0,0,0,13,12,18,0,3,6,13,6,4,1,19,20
623,19,3,6,0,0,0,0,0,4,0,0,6,0,0,0,0,6,7,6,2,6,0,3,0,2,4,10,11
624,9,1,4,0,0,0,0,0,0,0,0,4,0,0,0,0,1,4,4,0,0,1,2,2,1,0,3,2
625,35,2,12,2,0,0,1,0,0,0,0,16,1,0,1,0,12,12,12,1,2,15,10,12,3,0,10,26
626,54,2,7,2,1,0,3,0,3,0,2,20,2,10,2,0,15,27,12,0,13,4,36,11,2,0,5,43
627,66,4,12,9,0,1,1,0,2,0,3,28,0,0,6,0,29,20,17,5,9,8,29,16,2,2,17,57
628,3,0,0,0,1,0,0,0,0,0,1,0,0,1,0,0,2,1,1,0,0,0,1,1,0,0,2,1
629,7,1,1,0,0,0,1,0,0,0,0,4,0,0,0,0,2,2,2,0,0,0,1,0,0,0,6,1
630,20,2,4,0,1,1,3,0,0,0,3,6,0,0,0,0,8,4,10,1,3,0,2,2,1,2,14,0
631,22,0,9,0,0,0,6,0,0,0,0,2,2,0,3,0,6,5,11,0,0,1,6,4,5,0,7,13
632,11,0,4,0,0,0,4,0,0,0,0,3,0,0,0,0,2,4,6,0,0,1,1,1,1,1,7,0
633,16,0,6,0,0,0,0,0,1,0,1,7,0,0,1,0,6,3,7,0,0,0,0,0,0,0,16,0
634,11,0,4,0,0,0,4,0,0,0,0,3,0,0,0,0,2,4,6,0,0,1,1,1,1,1,7,0
635,26,0,10,0,0,0,2,0,0,0,0,10,0,0,4,0,9,7,10,6,0,0,10,4,1,0,11,8
636,3,0,0,0,1,0,0,0,0,0,1,0,0,1,0,0,2,1,1,0,0,0,1,1,0,0,2,1
637,11,0,0,0,0,0,0,0,0,0,1,4,0,4,2,0,6,4,1,4,3,2,0,2,1,4,4,0
638,10,0,0,0,0,0,0,0,8,0,2,0,0,0,0,0,6,2,2,0,0,0,1,0,0,2,8,1
639,10,0,0,0,0,0,0,0,8,0,2,0,0,0,0,0,6,2,2,0,0,0,1,0,0,2,8,1
640,75,2,0,0,0,1,0,0,50,0,21,0,0,0,1,0,26,26,23,0,8,2,14,13,10,4,34,27
641,17,0,0,0,0,0,0,0,13,2,2,0,0,0,0,0,11,4,2,0,2,0,0,0,4,0,13,4
642,57,0,0,0,0,0,0,0,24,0,32,0,0,0,1,0,11,14,32,1,2,0,7,11,7,2,30,10
643,15,0,0,0,0,0,0,0,9,0,6,0,0,0,0,0,3,6,6,0,0,0,0,2,0,0,13,0
644,49,1,0,0,2,0,4,0,27,0,13,0,0,0,2,0,17,16,16,2,4,3,2,8,7,7,25,1
645,44,0,0,0,0,0,0,0,29,0,15,0,0,0,0,0,14,15,15,0,3,1,0,1,4,2,37,0
646,107,0,2,0,2,1,4,0,65,0,29,0,0,0,4,0,40,35,32,1,8,1,11,16,18,13,49,28
647,0,0,0,0,0,0,0,0,0,0,0,0,0,0,0,0,0,0,0,0,0,0,0,0,0,0,0,0
648,0,0,0,0,0,0,0,0,0,0,0,0,0,0,0,0,0,0,0,0,0,0,0,0,0,0,0,0
649,5,0,0,0,4,1,0,0,0,0,0,0,0,0,0,0,3,1,1,0,0,0,0,0,0,2,3,1
650,12,0,0,0,9,0,0,0,1,0,2,0,0,0,0,0,5,5,2,0,1,0,3,1,0,3,5,7
651,10,0,0,0,8,0,0,0,2,0,0,0,0,0,0,0,6,4,0,0,2,0,0,4,0,4,2,0
652,21,0,0,0,14,0,0,0,1,0,3,0,3,0,0,0,12,6,3,1,4,0,0,0,2,9,10,3
653,13,0,0,0,7,0,0,0,0,0,6,0,0,0,0,0,3,4,6,2,0,0,0,0,6,0,7,0
654,21,0,2,0,7,0,2,0,2,0,7,0,1,0,0,0,7,4,10,0,4,3,3,5,0,9,4,5
655,0,0,0,0,0,0,0,0,0,0,0,0,0,0,0,0,0,0,0,0,0,0,0,0,0,0,0,0
656,45,0,0,0,2,1,3,0,13,0,10,1,1,0,14,0,15,19,11,4,3,11,4,14,5,5,17,20
657,44,2,0,0,3,0,4,0,26,0,7,0,0,0,0,2,24,12,8,3,0,2,0,2,4,2,36,4
658,12,0,0,0,3,0,4,0,3,0,2,0,0,0,0,0,4,5,3,3,0,0,0,3,1,0,8,5
659,6,0,0,0,2,0,0,0,0,0,4,0,0,0,0,0,1,2,4,0,0,0,0,0,0,1,5,1
660,5,0,0,0,0,0,0,0,2,0,3,0,0,0,0,0,2,0,4,0,0,0,0,0,0,2,4,0
661,5,0,0,0,0,0,0,0,2,0,3,0,0,0,0,0,2,0,4,0,0,0,0,0,0,2,4,0
662,3,0,0,0,1,0,0,0,0,0,1,0,0,1,0,0,2,1,1,0,0,0,1,1,0,0,2,1
663,9,0,0,0,0,0,0,0,8,0,1,0,0,0,0,0,2,5,1,0,0,0,1,0,3,0,4,1
664,6,0,0,0,2,0,0,0,0,0,4,0,0,0,0,0,1,2,4,0,0,0,0,0,0,1,5,1
665,22,0,0,0,1,0,1,0,5,0,11,0,0,0,4,0,5,5,12,3,0,2,4,4,8,0,6,4
666,5,0,0,0,2,0,0,0,2,0,1,0,0,0,0,0,2,2,1,0,2,1,0,2,0,0,2,2
667,17,0,0,0,0,0,2,0,8,0,7,0,0,0,0,0,5,3,9,0,0,0,0,4,6,0,7,0
668,9,0,0,0,0,0,0,0,8,0,1,0,0,0,0,0,2,5,1,0,0,0,1,0,3,0,4,1
669,14,0,0,0,0,0,0,0,10,0,4,0,0,0,0,0,10,0,4,0,0,0,0,0,2,0,12,0
670,25,0,0,0,0,0,4,0,9,0,12,0,0,0,0,0,5,8,12,0,0,0,1,2,0,1,21,2
671,0,0,0,0,0,0,0,0,0,0,0,0,0,0,0,0,0,0,0,0,0,0,0,0,0,0,0,0
672,18,1,0,0,0,0,0,0,10,0,7,0,0,0,0,0,8,2,8,0,0,0,0,0,2,0,16,0
673,18,0,0,0,1,0,0,0,15,0,2,0,0,0,0,0,7,9,2,0,0,0,0,0,0,0,18,0
674,8,0,0,0,2,0,0,0,2,0,4,0,0,0,0,0,2,2,4,0,0,0,0,0,0,0,8,0
675,8,0,0,0,2,0,0,0,2,0,4,0,0,0,0,0,2,2,4,0,0,0,0,0,0,0,8,0
676,14,0,0,0,0,0,0,0,11,0,3,0,0,0,0,0,3,8,3,0,0,0,0,0,0,0,14,0
677,28,1,0,0,8,0,4,0,0,0,15,0,0,0,0,0,5,7,16,1,1,0,0,0,0,4,24,0
678,42,2,0,0,30,0,2,0,0,0,8,0,0,0,0,0,19,13,10,0,1,0,0,5,6,0,31,0
679,0,0,0,0,0,0,0,0,0,0,0,0,0,0,0,0,0,0,0,0,0,0,0,0,0,0,0,0
680,3,0,0,0,1,0,0,0,0,0,1,0,0,1,0,0,2,1,1,0,0,0,1,1,0,0,2,1
681,3,0,0,0,1,0,0,0,0,0,1,0,0,1,0,0,2,1,1,0,0,0,1,1,0,0,2,1
682,3,0,0,0,1,0,0,0,0,0,1,0,0,1,0,0,2,1,1,0,0,0,1,1,0,0,2,1
683,5,0,0,0,2,0,1,0,0,0,2,0,0,0,0,0,2,0,2,0,0,0,0,1,0,1,3,0
684,3,0,0,0,1,0,0,0,0,0,1,0,0,1,0,0,2,1,1,0,0,0,1,1,0,0,2,1
685,3,0,0,0,1,0,0,0,0,0,1,0,0,1,0,0,2,1,1,0,0,0,1,1,0,0,2,1
686,4,0,0,0,2,0,0,0,0,0,2,0,0,0,0,0,1,2,2,0,0,1,0,2,0,2,1,0
687,0,0,0,0,0,0,0,0,0,0,0,0,0,0,0,0,0,0,0,0,0,0,0,0,0,0,0,0
688,4,0,0,0,4,0,0,0,0,0,0,0,0,0,0,0,3,2,0,0,0,2,2,2,2,0,0,2
689,4,0,0,0,2,0,0,0,0,0,2,0,0,0,0,0,1,2,2,0,0,1,0,2,0,2,1,0
690,0,0,0,0,0,0,0,0,0,0,0,0,0,0,0,0,0,0,0,0,0,0,0,0,0,0,0,0
691,0,0,0,0,0,0,0,0,0,0,0,0,0,0,0,0,0,0,0,0,0,0,0,0,0,0,0,0
692,3,0,0,0,1,0,0,0,0,0,1,0,0,1,0,0,2,1,1,0,0,0,1,1,0,0,2,1
693,0,0,0,0,0,0,0,0,0,0,0,0,0,0,0,0,0,0,0,0,0,0,0,0,0,0,0,0
694,34,5,7,1,0,0,5,0,0,2,1,9,2,0,2,0,4,18,12,1,2,1,9,2,6,0,17,8
695,21,0,1,0,0,1,0,0,0,3,0,9,4,2,1,0,7,12,2,1,2,4,4,4,6,4,3,15
696,18,1,1,0,0,0,1,0,0,0,5,10,0,0,0,0,8,4,6,3,0,3,2,3,6,0,7,4
697,17,2,0,0,0,0,0,0,2,0,4,0,0,0,9,0,6,6,5,1,4,0,0,0,11,0,6,4
698,10,0,0,0,0,0,0,0,6,0,4,0,0,0,0,0,2,4,4,0,0,0,0,0,2,0,8,2
699,20,1,0,0,0,0,2,0,8,0,2,0,0,5,2,0,9,8,3,2,9,0,6,6,0,0,8,14
700,12,2,4,0,0,0,2,0,0,0,0,2,0,0,2,0,1,7,4,2,0,0,0,4,6,0,2,4
701,0,0,0,0,0,0,0,0,0,0,0,0,0,0,0,0,0,0,0,0,0,0,0,0,0,0,0,0
702,61,0,1,2,7,0,2,0,22,0,18,4,0,0,5,0,19,23,19,4,2,12,13,29,7,0,12,54
703,46,0,0,0,4,0,5,0,17,0,13,6,0,0,1,0,17,14,15,0,1,10,6,13,5,0,22,31
704,17,1,0,0,0,0,2,0,5,0,9,0,0,0,0,0,5,3,9,0,0,0,2,5,6,0,4,6
705,17,0,3,0,0,0,4,0,0,0,0,10,0,0,0,0,6,5,6,2,0,0,0,0,4,0,13,2
706,5,0,0,0,4,1,0,0,0,0,0,0,0,0,0,0,3,1,1,0,0,0,0,0,0,2,3,1
707,6,0,0,0,3,0,1,0,0,0,1,1,0,0,0,0,3,2,1,0,0,0,1,1,0,1,3,0
708,11,0,0,0,1,0,0,0,0,0,9,0,1,0,0,0,1,1,9,0,1,0,0,0,2,1,8,4
709,15,0,0,2,13,0,0,0,0,0,0,0,0,0,0,0,6,9,0,0,2,1,4,3,2,6,0,5
710,0,0,0,0,0,0,0,0,0,0,0,0,0,0,0,0,0,0,0,0,0,0,0,0,0,0,0,0
711,11,0,0,0,6,1,0,0,0,0,1,0,3,0,0,0,5,4,2,0,2,0,0,4,0,0,7,0
712,0,0,0,0,0,0,0,0,0,0,0,0,0,0,0,0,0,0,0,0,0,0,0,0,0,0,0,0
713,0,0,0,0,0,0,0,0,0,0,0,0,0,0,0,0,0,0,0,0,0,0,0,0,0,0,0,0
714,0,0,0,0,0,0,0,0,0,0,0,0,0,0,0,0,0,0,0,0,0,0,0,0,0,0,0,0
715,3,0,0,0,1,0,0,0,0,0,1,0,0,1,0,0,2,1,1,0,0,0,1,1,0,0,2,1
716,3,0,0,0,1,0,0,0,0,0,1,0,0,1,0,0,2,1,1,0,0,0,1,1,0,0,2,1
717,21,0,0,0,13,0,0,0,0,0,8,0,0,0,0,0,9,4,8,5,0,0,2,5,0,2,12,3
718,0,0,0,0,0,0,0,0,0,0,0,0,0,0,0,0,0,0,0,0,0,0,0,0,0,0,0,0
719,0,0,0,0,0,0,0,0,0,0,0,0,0,0,0,0,0,0,0,0,0,0,0,0,0,0,0,0
720,5,0,0,0,2,0,1,0,0,0,2,0,0,0,0,0,2,0,2,0,0,0,0,1,0,1,3,0
721,0,0,0,0,0,0,0,0,0,0,0,0,0,0,0,0,0,0,0,0,0,0,0,0,0,0,0,0
722,3,0,0,0,1,0,0,0,0,0,1,0,0,1,0,0,2,1,1,0,0,0,1,1,0,0,2,1
723,24,0,0,0,0,12,0,0,0,0,0,0,12,0,0,0,8,4,12,0,0,0,0,2,6,0,16,0
724,34,0,0,0,15,2,0,0,0,0,5,0,7,1,4,0,12,15,7,4,1,0,0,0,10,1,23,2
725,20,0,0,0,0,6,0,0,0,0,0,0,14,0,0,0,8,6,6,0,0,0,0,0,0,1,20,0
726,11,0,0,0,0,2,1,0,0,0,0,0,8,0,0,0,5,3,3,0,0,0,0,0,4,0,7,0
727,31,0,0,0,0,7,2,0,0,0,0,0,22,0,0,0,9,13,9,0,2,0,0,2,10,0,19,2
728,12,0,0,0,0,4,0,0,0,0,0,0,8,0,0,0,3,6,4,0,0,0,0,0,1,1,12,1
729,12,0,0,0,0,4,0,0,0,0,0,0,8,0,0,0,3,6,4,0,0,0,0,0,1,1,12,1
730,53,0,0,0,0,16,0,0,0,1,0,0,36,0,0,0,17,20,16,0,0,0,0,0,2,6,45,0
731,22,0,0,0,1,5,0,0,0,0,0,0,16,0,0,0,12,5,5,0,0,0,0,3,0,0,19,0
732,0,0,0,0,0,0,0,0,0,0,0,0,0,0,0,0,0,0,0,0,0,0,0,0,0,0,0,0
733,32,0,0,0,0,7,0,0,0,0,0,0,25,0,0,0,16,9,7,0,0,0,0,0,0,0,32,0
734,13,0,0,0,0,4,0,0,0,1,0,0,8,0,0,0,2,7,4,0,0,0,0,0,0,0,13,0
735,17,0,0,0,0,6,0,0,0,0,0,0,11,0,0,0,2,9,6,0,0,0,0,0,0,0,17,0
736,28,0,0,0,2,9,0,0,0,0,0,0,17,0,0,0,12,7,9,2,0,1,0,5,2,0,21,0
737,22,0,0,0,0,8,0,0,0,0,0,0,14,0,0,0,4,10,8,0,1,0,0,0,0,0,22,0
738,31,0,0,0,19,1,0,0,0,0,4,0,7,0,0,0,13,13,5,2,2,0,4,0,0,10,17,0
739,20,0,0,0,0,6,0,0,0,0,0,0,14,0,0,0,8,6,6,0,0,0,0,0,0,1,20,0
740,0,0,0,0,0,0,0,0,0,0,0,0,0,0,0,0,0,0,0,0,0,0,0,0,0,0,0,0
741,3,0,0,0,1,0,0,0,0,0,1,0,0,1,0,0,2,1,1,0,0,0,1,1,0,0,2,1
742,0,0,0,0,0,0,0,0,0,0,0,0,0,0,0,0,0,0,0,0,0,0,0,0,0,0,0,0
743,3,0,0,0,1,0,0,0,0,0,1,0,0,1,0,0,2,1,1,0,0,0,1,1,0,0,2,1
744,3,0,0,0,1,0,0,0,0,0,1,0,0,1,0,0,2,1,1,0,0,0,1,1,0,0,2,1
745,0,0,0,0,0,0,0,0,0,0,0,0,0,0,0,0,0,0,0,0,0,0,0,0,0,0,0,0
746,10,0,0,0,0,3,0,0,0,0,0,0,7,0,0,0,1,6,3,0,0,0,0,0,0,0,10,0
747,3,0,0,0,1,0,0,0,0,0,1,0,0,1,0,0,2,1,1,0,0,0,1,1,0,0,2,1
748,14,0,0,0,0,4,0,0,0,0,0,0,10,0,0,0,7,3,4,0,0,0,2,1,0,1,10,0
749,25,0,0,0,0,6,0,0,0,0,0,0,19,0,0,0,10,8,6,0,0,0,0,0,2,2,22,0
750,3,0,0,0,1,0,0,0,0,0,1,0,0,1,0,0,2,1,1,0,0,0,1,1,0,0,2,1
751,0,0,0,0,0,0,0,0,0,0,0,0,0,0,0,0,0,0,0,0,0,0,0,0,0,0,0,0
752,21,0,12,7,0,0,0,0,0,0,0,2,0,0,0,0,1,8,12,0,0,0,5,4,4,0,8,6
753,17,0,7,10,0,0,0,0,0,0,0,0,0,0,0,0,6,6,7,1,0,7,1,10,0,3,4,5
754,97,6,26,46,1,1,5,0,1,1,0,6,3,0,0,1,27,41,29,10,11,14,44,30,9,0,14,64
755,12,0,3,9,0,0,0,0,0,0,0,0,0,0,0,0,4,5,3,0,2,2,4,6,0,0,2,10
756,32,1,0,2,3,0,0,0,14,0,9,0,0,0,3,0,14,9,9,0,2,2,6,6,0,0,20,11
757,14,2,0,0,0,0,3,0,3,0,4,0,0,0,2,0,3,5,7,0,0,1,1,2,0,0,12,1
758,14,0,0,0,0,0,2,0,0,0,1,2,0,0,9,0,7,6,1,5,0,0,0,0,2,0,12,0
759,19,0,0,0,0,0,3,0,0,0,6,0,0,0,10,0,6,6,7,2,0,1,3,3,2,0,10,2
760,19,0,0,0,0,0,0,0,0,0,7,0,0,0,12,0,7,5,7,2,0,2,4,0,0,0,15,4
761,16,0,0,0,2,0,3,0,0,0,6,0,0,0,5,0,6,4,6,2,0,0,0,0,7,2,6,1
762,12,0,0,0,0,0,0,0,0,0,5,0,0,0,7,0,3,4,5,2,0,2,0,2,0,0,10,2
763,26,0,0,0,0,0,8,0,0,0,6,0,0,0,12,0,8,8,10,5,0,0,4,0,0,2,20,4
764,11,0,0,0,3,0,2,0,2,0,2,0,0,0,2,0,4,4,3,2,0,0,0,2,0,0,9,2
765,0,0,0,0,0,0,0,0,0,0,0,0,0,0,0,0,0,0,0,0,0,0,0,0,0,0,0,0
766,37,2,2,0,0,0,2,1,13,0,15,0,0,0,2,0,7,13,17,2,0,0,6,2,2,1,26,6
767,29,2,0,0,0,0,0,0,0,0,7,2,0,0,18,0,12,10,7,1,0,0,2,8,6,2,11,14
768,85,4,21,7,3,1,12,0,0,4,0,31,0,0,2,0,30,29,26,0,0,19,39,28,12,2,4,62
769,18,1,3,4,0,0,0,0,0,0,0,10,0,0,0,0,10,4,4,4,5,4,2,7,2,0,7,9
770,15,1,1,0,0,0,6,0,0,0,0,7,0,0,0,0,3,7,5,0,0,0,7,0,2,0,6,13
771,34,0,15,0,0,0,2,0,0,0,2,14,0,0,1,0,8,9,17,1,2,8,5,17,3,0,9,16
772,31,1,2,0,0,0,0,0,1,0,19,0,0,0,8,0,5,5,21,0,4,0,2,0,4,6,19,7
773,28,2,7,0,0,0,0,0,0,0,0,15,0,0,4,0,13,8,7,3,2,18,2,24,1,0,1,23
774,12,3,0,0,0,0,1,0,2,0,0,6,0,0,0,0,2,7,3,0,1,0,2,0,0,0,10,0
775,0,0,0,0,0,0,0,0,0,0,0,0,0,0,0,0,0,0,0,0,0,0,0,0,0,0,0,0
776,0,0,0,0,0,0,0,0,0,0,0,0,0,0,0,0,0,0,0,0,0,0,0,0,0,0,0,0
777,3,0,0,0,1,0,0,0,0,0,1,0,0,1,0,0,2,1,1,0,0,0,1,1,0,0,2,1
778,3,0,0,0,1,0,0,0,0,0,1,0,0,1,0,0,2,1,1,0,0,0,1,1,0,0,2,1
779,23,0,0,0,11,0,0,0,0,0,12,0,0,0,0,0,7,4,12,0,0,2,4,0,3,4,12,2
780,10,0,0,0,7,0,0,0,0,0,1,0,2,0,0,0,6,3,1,0,1,0,0,0,2,5,3,1
781,0,0,0,0,0,0,0,0,0,0,0,0,0,0,0,0,0,0,0,0,0,0,0,0,0,0,0,0
782,14,0,0,0,10,0,0,0,2,0,2,0,0,0,0,0,10,2,2,0,3,0,0,0,0,4,10,3
783,0,0,0,0,0,0,0,0,0,0,0,0,0,0,0,0,0,0,0,0,0,0,0,0,0,0,0,0
784,0,0,0,0,0,0,0,0,0,0,0,0,0,0,0,0,0,0,0,0,0,0,0,0,0,0,0,0
785,19,2,2,0,0,0,2,0,8,0,5,0,0,0,0,0,5,6,8,0,0,1,2,5,1,0,11,0
786,70,2,0,0,0,1,3,0,46,0,17,0,1,0,0,0,25,26,19,0,16,0,11,7,11,7,34,15
787,44,2,0,0,0,0,14,0,16,0,11,0,0,0,1,0,14,15,15,1,5,1,5,4,10,7,18,9
788,27,0,0,0,0,0,0,0,16,0,11,0,0,0,0,0,11,5,11,0,0,0,2,4,1,0,20,0
789,35,2,12,2,0,0,1,0,0,0,0,16,1,0,1,0,12,12,12,1,2,15,10,12,3,0,10,26
790,7,1,1,0,0,0,1,0,0,0,0,4,0,0,0,0,2,2,2,0,0,0,1,0,0,0,6,1
791,16,3,7,0,0,0,0,0,0,0,0,6,0,0,0,0,4,4,8,0,0,0,0,3,4,0,9,9
792,24,0,0,0,6,0,0,0,9,0,9,0,0,0,0,0,7,8,9,0,0,8,0,8,4,0,12,8
793,21,5,5,2,0,0,4,0,0,0,0,5,0,0,0,0,7,5,9,1,2,3,5,7,4,0,5,8
794,23,0,3,1,0,0,0,0,11,0,4,2,0,0,2,0,7,9,7,0,2,6,6,6,2,0,9,12
795,0,0,0,0,0,0,0,0,0,0,0,0,0,0,0,0,0,0,0,0,0,0,0,0,0,0,0,0
796,0,0,0,0,0,0,0,0,0,0,0,0,0,0,0,0,0,0,0,0,0,0,0,0,0,0,0,0
797,0,0,0,0,0,0,0,0,0,0,0,0,0,0,0,0,0,0,0,0,0,0,0,0,0,0,0,0
798,13,0,0,0,0,6,0,0,0,0,0,0,3,0,0,4,3,4,6,0,0,4,0,4,2,0,7,1
799,0,0,0,0,0,0,0,0,0,0,0,0,0,0,0,0,0,0,0,0,0,0,0,0,0,0,0,0
800,0,0,0,0,0,0,0,0,0,0,0,0,0,0,0,0,0,0,0,0,0,0,0,0,0,0,0,0
801,0,0,0,0,0,0,0,0,0,0,0,0,0,0,0,0,0,0,0,0,0,0,0,0,0,0,0,0
802,0,0,0,0,0,0,0,0,0,0,0,0,0,0,0,0,0,0,0,0,0,0,0,0,0,0,0,0
803,0,0,0,0,0,0,0,0,0,0,0,0,0,0,0,0,0,0,0,0,0,0,0,0,0,0,0,0
804,0,0,0,0,0,0,0,0,0,0,0,0,0,0,0,0,0,0,0,0,0,0,0,0,0,0,0,0
805,0,0,0,0,0,0,0,0,0,0,0,0,0,0,0,0,0,0,0,0,0,0,0,0,0,0,0,0
806,25,0,0,0,0,8,0,0,0,0,0,0,17,0,0,0,9,8,8,0,0,0,0,0,3,0,22,0
807,55,0,0,0,0,17,0,0,0,0,0,0,38,0,0,0,20,18,17,0,0,0,2,1,6,11,35,0
808,0,0,0,0,0,0,0,0,0,0,0,0,0,0,0,0,0,0,0,0,0,0,0,0,0,0,0,0
809,3,0,0,0,1,0,0,0,0,0,1,0,0,1,0,0,2,1,1,0,0,0,1,1,0,0,2,1
810,3,0,0,0,1,0,0,0,0,0,1,0,0,1,0,0,2,1,1,0,0,0,1,1,0,0,2,1
811,0,0,0,0,0,0,0,0,0,0,0,0,0,0,0,0,0,0,0,0,0,0,0,0,0,0,0,0
812,3,0,0,0,1,0,0,0,0,0,1,0,0,1,0,0,2,1,1,0,0,0,1,1,0,0,2,1
813,0,0,0,0,0,0,0,0,0,0,0,0,0,0,0,0,0,0,0,0,0,0,0,0,0,0,0,0
814,0,0,0,0,0,0,0,0,0,0,0,0,0,0,0,0,0,0,0,0,0,0,0,0,0,0,0,0
815,5,0,0,1,2,0,0,0,1,0,0,0,1,0,0,0,3,2,0,0,2,0,2,0,0,2,1,2
816,5,0,0,1,2,0,0,0,1,0,0,0,1,0,0,0,3,2,0,0,2,0,2,0,0,2,1,2
817,0,0,0,0,0,0,0,0,0,0,0,0,0,0,0,0,0,0,0,0,0,0,0,0,0,0,0,0
818,0,0,0,0,0,0,0,0,0,0,0,0,0,0,0,0,0,0,0,0,0,0,0,0,0,0,0,0
819,20,2,4,0,1,1,3,0,0,0,3,6,0,0,0,0,8,4,10,1,3,0,2,2,1,2,14,0
820,35,4,8,0,0,0,0,0,0,2,4,5,1,0,9,2,12,11,12,0,0,0,7,4,3,0,21,16
821,0,0,0,0,0,0,0,0,0,0,0,0,0,0,0,0,0,0,0,0,0,0,0,0,0,0,0,0
822,3,0,0,0,1,0,0,0,0,0,1,0,0,1,0,0,2,1,1,0,0,0,1,1,0,0,2,1
823,0,0,0,0,0,0,0,0,0,0,0,0,0,0,0,0,0,0,0,0,0,0,0,0,0,0,0,0
824,0,0,0,0,0,0,0,0,0,0,0,0,0,0,0,0,0,0,0,0,0,0,0,0,0,0,0,0
825,0,0,0,0,0,0,0,0,0,0,0,0,0,0,0,0,0,0,0,0,0,0,0,0,0,0,0,0
826,0,0,0,0,0,0,0,0,0,0,0,0,0,0,0,0,0,0,0,0,0,0,0,0,0,0,0,0
827,0,0,0,0,0,0,0,0,0,0,0,0,0,0,0,0,0,0,0,0,0,0,0,0,0,0,0,0
828,0,0,0,0,0,0,0,0,0,0,0,0,0,0,0,0,0,0,0,0,0,0,0,0,0,0,0,0
